Tuula;32275
Ritva;31468
Anna;31019
Anne;30838
Päivi;30521
Leena;30026
Pirjo;29270
Marja;28030
Sari;28006
Minna;27914
Riitta;26499
Tiina;26118
Pirkko;25676
Tarja;25340
Eeva;23979
Laura;23670
Anja;23665
Liisa;23504
Seija;23342
Aino;23335
Eila;23012
Raija;22880
Sirpa;22111
Jaana;21696
Satu;21677
Hanna;21488
Heidi;21459
Sanna;21195
Eija;20811
Maria;20265
Merja;20099
Kirsi;19596
Johanna;19537
Arja;19510
Maija;19448
Sirkka;19042
Paula;18502
Ulla;18489
Jenni;16863
Elina;16165
Raili;16009
Terttu;15989
Katja;15855
Hilkka;15790
Heli;15227
Mari;15179
Kirsti;14996
Nina;14882
Anni;14878
Mirja;14529
Kaija;13244
Helena;13224
Emma;12993
Anu;12698
Tuija;12584
Irma;11851
Niina;11763
Kaisa;11607
Aila;11458
Saara;11328
Sara;11229
Suvi;11210
Pia;11154
Leila;11146
Irja;11103
Tanja;11004
Katri;10927
Lea;10812
Jenna;10679
Emilia;10657
Maarit;10537
Kati;10449
Marjo;10434
Henna;10392
Ella;10158
Kerttu;10123
Noora;9963
Veera;9787
Marja-Leena;9755
Susanna;9745
Riikka;9698
Sinikka;9667
Outi;9381
Taina;9366
Sofia;9350
Mervi;9303
Julia;9182
Iida;9150
Virpi;8906
Helmi;8886
Jonna;8831
Milla;8609
Marja-Liisa;8597
Aune;8463
Miia;8368
Emmi;8358
Sonja;8149
Tiia;8068
Marika;7754
Sisko;7727
Terhi;7521
Maire;7489
Venla;7480
Elsa;7438
Elli;7398
Siiri;7362
Lotta;7240
Sini;7237
Sanni;7155
Annika;7127
Teija;7094
Mira;6991
Anita;6848
Ida;6818
Airi;6761
Mia;6666
Vilma;6633
Essi;6367
Oona;6298
Piia;6254
Anna-Liisa;6238
Anneli;6236
Taru;6174
Linda;6169
Nea;6151
Helvi;6024
Marita;5933
Aili;5776
Petra;5693
Viivi;5667
Vuokko;5527
Erja;5515
Elisa;5439
Toini;5372
Aada;5362
Salla;5342
Roosa;5307
Silja;5218
Marjatta;5212
Pinja;5061
Martta;5015
Salme;4909
Krista;4862
Iina;4860
Jenny;4706
Elvi;4684
Riina;4648
Marjut;4637
Marianne;4635
Inka;4547
Ronja;4545
Soile;4432
Milja;4423
Eva;4359
Aira;4296
Maija-Liisa;4269
Amanda;4266
Jasmin;4160
Eveliina;4102
Asta;4078
Laila;4060
Lilja;4045
Enni;4040
Meeri;4028
Kristiina;3998
Anniina;3976
Sirkka-Liisa;3972
Rauni;3953
Hannele;3945
Iiris;3943
Taimi;3935
Reetta;3911
Auli;3909
Katariina;3893
Saana;3824
Ilona;3763
Saija;3755
Eira;3656
Maiju;3651
Olivia;3615
Kaisu;3558
Rauha;3556
Nelli;3452
Heini;3439
Armi;3430
Ellen;3404
Jessica;3336
Meri;3324
Sylvi;3310
Tuuli;3239
Kaarina;3196
Linnea;3191
Minttu;3148
Pauliina;3113
Alisa;3093
Camilla;3084
Eevi;3072
Erika;3062
Sirkku;3022
Maila;2977
Mirva;2946
Oili;2924
Lahja;2904
Alli;2904
Carita;2900
Eeva-Liisa;2879
Janina;2866
Pihla;2851
Hilja;2845
Nella;2824
Karoliina;2798
Matilda;2772
Vieno;2764
Soili;2763
Anna-Maija;2742
Margit;2742
Neea;2714
Senja;2689
Jutta;2640
Irene;2591
Alina;2590
Tyyne;2586
Birgitta;2531
Olga;2398
Tytti;2353
Annikki;2342
Tea;2336
Saimi;2272
Maritta;2267
Mirka;2250
Ada;2230
Helka;2224
Netta;2220
Anne-Mari;2219
Irina;2206
Ulla-Maija;2206
Elena;2204
Aini;2204
Eine;2167
Peppi;2155
Mona;2095
Hilla;2091
Kiia;2091
Vappu;2086
Elma;2086
Virve;2074
Saila;2067
Karin;2059
Marina;2024
Iris;2012
Alma;2007
Aija;1992
Hilma;1978
Janika;1969
Minea;1968
Nora;1966
Kristina;1965
Sandra;1955
Saga;1940
Susanne;1917
Tuire;1899
Fanny;1878
Mirjam;1875
Jemina;1867
Senni;1866
Taija;1858
Janette;1831
Katriina;1818
Inga;1812
Rosa;1807
Mila;1797
Rita;1791
Helli;1790
Helga;1777
Juulia;1773
Birgit;1772
Hanne;1770
Salli;1770
Hilda;1760
Fanni;1736
Janita;1735
Heta;1735
Inkeri;1729
Viola;1721
Wilma;1717
Reija;1716
Riitta-Liisa;1713
Monica;1682
Stella;1641
Alexandra;1637
Anette;1635
Eini;1631
Marketta;1619
Heljä;1593
Laina;1589
Vera;1580
Vilja;1573
Lilli;1570
Irmeli;1570
Lumi;1560
Anna-Kaisa;1558
Varpu;1556
Lempi;1515
Minja;1503
Joanna;1502
Eerika;1500
Jade;1492
Moona;1489
Tuulikki;1472
Natalia;1471
Brita;1469
Selma;1464
Kerstin;1449
Titta;1441
Kia;1427
Anna-Maria;1426
Janna;1417
Maisa;1412
Hertta;1410
Kyllikki;1402
Tuovi;1390
Raisa;1382
Christina;1377
Marja-Terttu;1372
Elsi;1371
Marjaana;1368
Lena;1365
Anitta;1342
Kirsi-Marja;1334
Isabella;1319
Aava;1287
Frida;1279
Inger;1258
Berit;1249
Isla;1247
Annukka;1247
Tia;1245
Miisa;1233
Mikaela;1231
Hanna-Mari;1207
Hanna-Leena;1197
Mette;1196
Cecilia;1190
Ninni;1187
Helinä;1177
Else;1172
Elin;1171
Ira;1170
Reeta;1167
Vanessa;1165
Siv;1153
Marja-Riitta;1149
Barbro;1147
Anna-Mari;1146
Raila;1144
Miina;1137
Aliisa;1133
Kiira;1115
Sointu;1108
Tilda;1106
Hely;1103
Solveig;1102
Aura;1098
Henni;1097
Carola;1094
Tina;1094
Saima;1089
Marianna;1081
Valma;1074
Lyyli;1073
Aurora;1070
Tuulia;1063
Lisa;1061
Stina;1054
Daniela;1054
Thi;1053
Malin;1052
Pirkko-Liisa;1041
Elise;1041
Siru;1035
Katarina;1035
Ester;1033
Anna-Leena;1029
Iisa;1021
Melissa;1014
Kaisla;1012
Seela;1010
Karita;999
Maj-Britt;998
Bertta;982
Gunilla;980
Anne-Maria;975
Melina;974
Marjo-Riitta;973
Sanna-Mari;966
Annina;961
Greta;961
Carina;954
Marie;946
Pilvi;941
Teresa;936
Gunnel;933
Virva;912
Eliisa;906
Tinja;906
Liisi;894
Leea;893
Säde;893
Maija-Leena;892
Liina;891
Susan;886
Monika;877
Svetlana;877
Tellervo;875
Gun;874
Hanna-Kaisa;869
Juuli;865
Henriikka;861
Suoma;854
Aulikki;851
Tessa;846
Lina;838
Gunvor;835
Astrid;833
Milka;824
Mirjami;814
Kira;813
Janica;813
Charlotta;813
Mea;807
Anne-Marie;806
Margareta;804
Harriet;803
Taika;803
Marjukka;803
Enna;802
Erica;800
Sarah;799
Mimosa;797
Riia;793
Nanna;788
Åsa;784
Ruth;783
Nadja;781
Erin;774
Rebecca;768
Maaret;767
Elle;767
Diana;757
Annu;756
Jatta;754
Onerva;746
Ansa;743
Doris;739
Ilmi;737
Saaga;735
Mailis;733
Victoria;730
Ingrid;730
Lilian;729
Impi;728
Josefiina;723
Mirella;722
Benita;721
Orvokki;717
Nelly;717
Jasmine;712
Annamari;709
Nita;708
Ebba;706
Rebekka;705
Ruut;705
Pipsa;705
Kaino;704
Rea;700
Piritta;697
Neela;689
Tatiana;688
Ann-Mari;687
Elna;686
Janni;685
Pirita;681
Lyydia;673
Verna;669
Britta;668
Mimmi;668
Sohvi;659
Inna;658
Isa;652
Aleksandra;650
Mirkka;643
Edith;641
Maj-Lis;636
Saini;626
Annette;624
Aida;620
Raakel;619
Yvonne;612
Alice;610
Adele;605
Ann;604
Sarita;600
Regina;593
Sylvia;593
Matleena;592
Pirjo-Riitta;592
Tove;589
Ina;585
Ilse;582
Signe;582
Vivian;581
Iines;578
Jennifer;576
Unna;571
Marju;568
Iita;568
Minka;567
Hanna-Maria;565
Sofie;562
Martina;555
Hellevi;554
Sabina;551
Selina;546
Ritva-Liisa;542
Minni;542
Christel;531
Henna-Riikka;530
Christa;530
Alva;526
Hillevi;526
Anastasia;526
Lila;525
Malla;522
Jasmiina;522
Ulrika;522
Eivor;520
Siri;518
Esteri;518
Pirjo-Liisa;517
Patricia;516
Anne-Maarit;516
Aamu;512
Isabel;512
Ida-Maria;511
Elisabeth;510
Lisbeth;508
Carolina;508
Ekaterina;506
Meea;501
Fiona;500
Tatjana;498
Hellin;497
Eija-Liisa;494
Ines;493
Ava;491
Elviira;489
Tara;489
Inari;489
Kielo;488
Amalia;485
Jessika;485
Elisabet;482
Ria;479
Sanna-Kaisa;479
Helen;479
Sirja;478
Rakel;477
Eeva-Maija;470
Eeva-Maria;468
Agneta;468
Märta;467
Galina;466
Hellä;462
Tua;461
Valentina;459
Viena;459
Natalie;457
Veronica;454
Linn;452
Lilia;448
Maya;446
Siina;444
Maaria;444
Luna;443
Sanna-Maria;442
Soila;441
Milena;441
Eve;440
Sinna;434
Meiju;432
Sani;430
Mary;429
Amelia;424
Svea;423
Maili;421
Anne-Maj;419
Anna-Sofia;417
Felicia;417
Tamara;415
Claudia;413
Gretel;411
Heleena;411
Emily;409
Selja;406
Charlotte;404
Vilhelmiina;404
Iida-Maria;404
Lara;402
Lydia;400
Stiina;397
Agnes;396
Hannamari;391
Ellinoora;390
Christine;390
Teea;390
Elvira;388
Assi;388
Lumia;387
Michaela;387
Göta;386
Miranda;386
Sarianna;386
Jane;385
Edit;382
Gun-Britt;382
Nicole;382
Josefina;382
Briitta;380
Jeanette;376
Michelle;375
Roosa-Maria;375
Julianna;374
Evelina;374
Annemari;372
Hanna-Maija;372
Maj;371
Sofi;371
Nathalie;370
Bettina;368
Ulpu;367
Caroline;367
Anelma;366
Leena-Maija;363
Silva;361
Emelie;358
Larissa;355
Helmiina;355
Jannika;355
Ann-Marie;354
Kirsi-Maria;353
Noomi;352
Nana;352
Tiia-Maria;352
Aina;350
Minna-Liisa;348
Jelena;348
Raija-Liisa;348
Liinu;346
Melinda;345
Pamela;344
Nuppu;344
Lili;343
Rut;341
Jarna;340
Nenna;339
Aliina;339
Karla;338
Kaarin;337
Madeleine;333
Mirja-Liisa;332
Annastiina;330
Fiia;329
Bea;329
Lenita;327
Pernilla;324
Erna;324
Rebecka;323
Ann-Christine;323
Loviisa;322
Jasmina;322
Moa;319
Mandi;316
Karolina;316
Miira;316
Gerd;315
Merita;314
Leeni;313
Henrietta;310
Silvia;310
Maj-Len;310
Sophie;306
Hulda;306
Hannah;305
Vivi;305
Eedit;305
Viktoria;304
Ramona;303
Eeva-Kaisa;303
Jenniina;303
Helene;302
Linnéa;302
Rosita;302
Marit;300
Lily;300
Riika;300
Mariitta;299
Vaula;298
Mari-Anne;293
Andrea;291
Lisbet;290
Mathilda;290
Clara;290
Maja;290
Sophia;289
Livia;289
Veronika;287
Hjördis;286
Hilppa;285
Ilta;285
Arja-Liisa;284
Sanja;284
Hanna-Riikka;283
Laimi;283
Eeva-Riitta;283
Ilma;282
Salla-Mari;282
Mariia;281
Raita;280
Eeva-Leena;279
Ursula;278
Kaija-Leena;276
Annica;275
Beata;275
Kreetta;275
Amelie;273
Sonia;272
Iitu;272
Alissa;271
Thea;270
Beatrice;270
Rosanna;270
Yasmin;268
Anri;268
Lidia;266
Amina;265
Ninja;265
Susa;265
Britt-Marie;264
Else-Maj;264
Alicia;264
Jessi;264
Maija-Riitta;264
Anna-Riikka;262
Miriam;261
Ann-Christin;258
Carla;257
Henrika;255
Arja-Leena;254
Anna-Riitta;254
Etel;254
Kajsa;253
Viveka;253
Angelica;252
Jennie;251
Disa;251
Sanelma;250
Rosa-Maria;250
Micaela;249
Maikki;248
Ninna;247
Samira;246
Marlene;246
Paulina;246
Sade;245
Mai;244
Louna;244
Maini;243
Mariella;243
Anna-Lisa;242
Hanni;241
Susann;241
Karina;240
Milana;240
Anna-Lena;239
Jenina;238
Eeva-Kaarina;236
Sirke;235
Tiiu;234
Arla;234
Josefin;234
Riitta-Leena;234
Suvi-Tuuli;233
Elea;233
Meri-Tuuli;233
Sirpa-Liisa;232
Eliina;232
Josefine;232
Annakaisa;231
Miila;231
Anna-Kaarina;231
Viveca;231
Kaija-Liisa;230
Britt;230
Louise;229
Hanna-Liisa;229
Seidi;228
Ulla-Riitta;227
Marke;226
Auni;225
Marleena;225
Bianca;225
Eva-Maria;224
Justiina;223
Evi;223
Minna-Maria;223
Aino-Maija;223
Merja-Liisa;223
Ylva;223
Nette;223
Lilly;223
My;222
Gunhild;222
Margarita;221
Edla;221
Sanna-Maija;220
Nadia;219
Jannica;217
Sannamari;217
Elmi;216
Auri;216
Gurli;215
Sarianne;215
Catharina;214
Margita;210
Mariam;210
Nancy;210
Telma;209
Dina;209
Aino-Maria;209
Pia-Maria;209
Sigrid;208
Heidi-Maria;208
Klara;208
Melisa;208
Emilie;208
Aisha;208
Bella;208
Katrina;208
Päivikki;207
Solja;206
Synnöve;205
Cassandra;205
Ann-Sofie;205
Jennika;204
Fatima;204
Sanna-Leena;203
Leni;202
Ethel;201
May;201
Salma;201
Janet;201
Tinka;199
Kukka-Maaria;199
Klaara;199
Minna-Mari;199
Bodil;198
Lia;198
Pieta;198
Eija-Riitta;198
Emmiina;196
Anne-Maija;196
Ann-Britt;196
Freja;196
Tilde;196
Sally;195
Sabrina;195
Elli-Noora;195
Tia-Maria;194
Juliana;194
Angelina;194
Kukka;194
Wilhelmiina;193
Ruusa;193
Noona;193
Sallamari;192
Gertrud;191
Vivan;191
Catarina;190
Dagny;190
Sissi;189
Isabelle;188
Satu-Maarit;188
Annie;186
Leona;185
Helle;185
Reea;185
Piitu;184
Tekla;184
Kreeta;184
Inga-Lill;184
Riitta-Maija;183
Marica;183
Ingegerd;182
Angela;182
Gabriella;182
Marissa;181
Magdalena;181
Majlis;181
Lovisa;179
Annele;179
Sina;178
Carmen;178
Kaisa-Leena;177
Ann-Sofi;177
Antonia;177
Jadessa;176
Ellinor;176
Naomi;176
Emmy;175
Anne-Marja;175
Alla;175
Amira;173
Ingeborg;173
Kiti;173
Liia;173
Suvi-Tuulia;171
Gunborg;171
Jasmi;170
Zahra;170
Tarja-Leena;170
Peppiina;170
Gudrun;169
Nanni;169
Klaudia;169
Tiina-Liisa;169
Mariel;169
Ani;169
Betty;168
Annamaija;168
Larisa;167
Ksenia;167
Kamilla;166
Denise;166
Kirsikka;166
Cindy;165
Rianna;165
Maia;164
Ljudmila;164
Adelina;163
Ella-Maria;163
Meimi;163
Margaretha;163
Ruusu;162
Jana;162
Evita;162
Juliaana;161
Raija-Leena;161
Filippa;161
Hille;160
Tanya;160
Elizabeth;159
Valeria;159
Venny;158
Minerva;158
Ann-Charlotte;157
Hilpi;157
Gerda;157
Fia;157
Katrin;156
Usva;155
Adalmiina;155
Crista;155
Ann-Kristin;155
Pirjo-Leena;154
Ranja;154
Nadezda;154
Katri-Helena;153
Henna-Maria;153
Annaleena;153
Lotte;153
Hedvig;152
Molly;152
Margot;152
Rina;151
Anni-Maria;150
Amy;149
Eleonora;149
Tarja-Liisa;149
Rose-Marie;148
Marta;148
Lisen;147
Karen;147
Liudmila;146
Mimi;146
Tiia-Mari;145
Iira;145
Santra;145
Ida-Sofia;144
Maryam;144
Sienna;144
Hannaleena;144
Daria;144
Tiina-Maija;143
Lyyti;143
Thelma;143
Annamaria;142
Maria-Leena;142
Maria-Liisa;142
Tindra;142
Hilkka-Liisa;142
Milma;141
Eva-Liisa;141
Kaisa-Maria;141
Ragnhild;141
Judit;140
Leena-Kaisa;140
Clarissa;139
Nellie;139
Stephanie;139
Mia-Maria;139
Aino-Kaisa;138
Celina;138
Ana;138
Märtha;138
Janniina;138
Ulla-Britt;137
Gunnevi;137
Ragni;137
Karola;136
Miia-Maria;136
Jenni-Maria;136
Cia;136
Salla-Maria;135
Natasha;135
Theresa;135
Tiitu;135
Marja-Sisko;134
Catherine;134
Nina-Maria;133
Ann-Louise;133
Manta;133
Laura-Maria;133
Rose;133
Lucia;132
Anna-Reetta;132
Mina;132
Wenla;131
Renja;131
Hanne-Mari;131
Marie-Louise;130
Julie;130
Fredrika;129
Adeliina;129
Saara-Maria;129
Sanna-Liisa;129
Milla-Maria;129
Nia;129
Tania;128
Kata;128
Meri-Tuulia;127
Anna-Elina;127
Sara-Sofia;127
Iia;127
Dorrit;126
Seija-Liisa;126
Martha;126
Carin;125
Belinda;125
Suvi-Päivikki;125
Ann-Maj;124
Miitta;124
Marisa;124
Cilla;123
Annabella;123
Elizaveta;123
Fadumo;122
Pulmu;122
Gun-Maj;121
Jenita;121
Mariana;121
Judith;121
Anna-Stina;120
Riikka-Liisa;120
Anja-Riitta;120
Ann-Lis;119
Ritva-Leena;119
Tiina-Maria;119
Therese;119
Melanie;119
Henna-Mari;118
Barbara;118
Unelma;118
Viia;118
Inge;118
Tiina-Mari;118
Malena;118
Pälvi;117
Lumina;117
Esther;117
Eeva-Marja;116
Cristina;116
Niia;116
Marikki;115
Liv;115
Nilla;115
Yrsa;114
Ringa;114
Annikka;114
Marian;114
Nona;112
Lioudmila;112
Lyydi;112
Nonna;111
Angelika;111
Sofianna;111
Annaliisa;111
Ia;111
Maj-Gret;111
Kanerva;111
Kaisa-Liisa;110
Ingela;110
Gabriela;110
Lauha;110
Anna-Kristiina;110
Ghita;110
Anna-Emilia;110
Yasmine;109
Darja;109
Marjaleena;109
Pirre;109
Saida;108
Linda-Maria;108
Lola;108
Ulla-Maria;108
Merituuli;107
Tuula-Maija;107
Kristel;107
Merja-Riitta;107
Polina;107
Selena;107
Senna;107
Kitty;107
Suvi-Maria;106
Raini;106
Beda;106
Talvikki;106
Satu-Maria;106
Lillemor;106
Runa;105
Katharina;105
Terese;105
Enja;105
Iida-Sofia;105
Jennica;105
Ngoc;105
Hellen;104
Nitta;104
Majvor;104
Ulla-Mari;103
Dora;103
Peggy;103
Rachel;103
Dana;103
Aurelia;102
Norma;102
Sivi;102
Kim;102
Daniella;102
Monna;102
Eedla;102
Malva;101
Eden;101
Daisy;101
Maud;101
Nicola;101
Marja-Helena;101
Gunn;101
Mirja-Leena;100
Ona;100
Liana;100
Antonina;99
Ulla-Marja;99
Oxana;99
Simone;99
Sari-Anne;99
Riikka-Maria;98
Odessa;98
Jetta;97
Oosa;97
Gun-Lis;97
Linne;97
Rhea;97
Eleonoora;97
Sylva;97
Arja-Riitta;97
Tuisku;97
Anne-Riitta;97
Britt-Mari;96
Hilve;96
Tyyni;96
Ludmila;95
Anna-Marja;95
Sirje;95
Henny;95
Nicolina;95
Nanne;95
Vanamo;95
Siviä;95
Marion;95
Tuike;95
Sallamaari;95
Tilma;95
Helly;95
Adelia;94
Hedda;94
Eija-Leena;94
Urpu;94
Janessa;94
Tutta;93
Evgenia;93
Natalja;93
Annariina;93
Rinna;93
Nadejda;93
Nanny;93
Janiina;93
Minnea;92
Hanna-Riitta;92
Milaja;92
Serena;92
Inga-Britt;91
Ulrica;91
Oksana;90
Sabine;90
Saskia;90
Emma-Sofia;90
Freya;90
Estrid;90
Adriana;89
Iman;89
Irja-Liisa;89
Zainab;89
Menni;89
Jolanda;88
Tyra;88
Yulia;88
Milda;88
Anni-Mari;88
Ulla-Maj;88
Marjaliisa;88
Safia;88
Elsie;88
Evelyn;88
Gisela;88
Sira;88
Hannakaisa;87
Valborg;87
Tatja;87
Emmi-Lotta;87
Wilhelmina;87
Kate;87
Adina;87
Anja-Liisa;87
Josephine;87
Terja;87
Minnamari;87
Minna-Leena;86
Peppi-Lotta;86
Rilla;86
Berta;86
Sara-Maria;86
Samantha;86
Gunda;85
Sera;85
Minna-Maarit;85
Paju;85
Tuula-Marja;85
Enne;85
Kirsi-Maarit;85
Minna-Riitta;84
Eimi;84
Tita;84
Kaisa-Mari;84
Tiina-Riitta;84
Gunn-Britt;84
Alexia;84
Ljubov;83
Mirette;83
Mariela;83
Kirsimarja;83
Anisa;83
Emma-Lotta;83
Anni-Sofia;83
Aniitta;83
Sanna-Maarit;82
Liisa-Maria;82
Dagmar;82
Sonya;82
Nikita;82
Hennariikka;82
Sinja;82
Jannina;82
Nelma;81
Anna-Katariina;81
Juliet;81
Rauna;81
Anna-Stiina;81
Jennina;81
Ea;81
Ireene;80
Alise;80
Maarika;80
Merja-Leena;80
Anna-Karin;79
Salla-Maaria;79
Marja-Kaarina;79
Jenna-Maria;79
Mariann;79
Ellie;79
Satu-Marja;79
Maura;78
Arina;78
Anne-Kristiina;78
Ewa;78
Pirkko-Leena;78
Ainu;78
Alena;78
Ensi;78
Friida;78
Sahra;78
Marja-Kaisa;78
Sini-Maria;78
Halla;77
Tiuku;77
Jekaterina;77
Merike;77
Meira;77
Inge-Maj;77
Hanna-Reetta;77
Serafiina;77
Elmiina;77
Sharon;77
Amal;76
Rania;76
Kaija-Riitta;76
Nessa;76
Juni;76
Minna-Kaisa;76
Ruska;76
Raina;75
Lauriina;75
Kiara;75
Anitra;75
Leyla;75
Vellamo;75
Sella;75
Gitte;75
Petriina;75
Mirikli;74
Inez;74
Lulu;74
Marija;74
Rosaliina;74
Eelin;73
Sirkka-Leena;73
Tiina-Kaisa;73
Ann-Katrin;73
Nova;73
Katerina;73
Evelin;72
Manda;72
Teresia;72
Gina;72
Jill;72
Myy;72
Liubov;72
Hildur;72
Isabell;72
Zeinab;72
Jenni-Mari;72
Leah;72
Sini-Tuulia;72
Tora;71
Valpuri;71
Anna-Karoliina;71
Anne-Marita;71
Anna-Lotta;71
Gitta;71
Sunna;71
Adessa;70
Celine;70
Sole;70
Mari-Anna;70
Ariana;70
Anna-Maaria;70
Niina-Maria;70
Pirta;70
Terttu-Liisa;70
Sanna-Riikka;70
Janetta;70
Salla-Maarit;69
Ayan;69
Nada;69
Lotta-Maria;69
Suvituuli;69
Vella;69
Liisa-Maija;69
Vivia;68
Agda;68
Mirkku;68
Anu-Riikka;68
Alexa;67
Neelia;67
Anni-Kaisa;67
Jonna-Maria;67
Ulriikka;67
Kirsi-Mari;67
Nea-Maria;67
Zara;67
Opri;67
Greetta;67
Alessia;66
Bernice;66
Chloe;66
Lise;66
Rigmor;66
Adela;66
Clary;66
Hagar;66
Iina-Maria;66
Ronya;66
Anna-Greta;65
Meja;65
Cajsa;65
Reine;65
Eriika;65
Marje;65
Mei;65
Hafsa;65
Annabel;64
Fiina;64
Riina-Maria;64
Edna;64
Mariina;64
Venni;64
Milli;64
Meija;64
Eeva-Mari;64
Hele;64
Asha;64
Katherine;64
Etta;64
Thanh;63
Evy;63
Anna-Riina;63
Zaida;63
Ros-Mari;63
Noora-Maria;63
Seelia;63
Manna;63
Leena-Marja;63
Mona-Lisa;63
Nanette;63
Juliette;62
Nadine;62
Tii;62
Liselott;62
Seija-Riitta;62
Enya;62
Helkky;62
Fatma;62
Katinka;62
Mitra;62
Viva;61
Kristin;61
Minda;61
Marjo-Riikka;61
Unni;61
Elli-Maija;61
Wera;61
Marjo-Liisa;61
Asma;61
Paola;61
Thuy;61
Hinni;61
Pepita;61
Beeda;61
Minttu-Maaria;60
Leia;60
Anki;60
Kaari;60
Kristine;60
Aicha;60
Emmi-Sofia;60
Sumaya;60
Tianna;60
Oivi;60
Merika;60
Mary-Ann;60
Suvi-Maaria;59
Milla-Mari;59
Minttu-Maria;59
Görel;59
Sorja;59
Tarja-Riitta;59
Khadija;59
Liida;59
Irma-Liisa;59
Hodan;59
Yasemin;59
Lisette;58
Annmari;58
Line;58
Kiana;58
Celia;58
Miida;58
Alyssa;58
Miia-Mari;58
Renata;58
Sanne;58
Aino-Elina;57
Riitu;57
Suvi-Päivi;57
Ullamaija;57
Eea;57
Tiila;57
Veera-Maria;57
Tuuli-Maria;57
Zoe;57
Eevastiina;57
Jenna-Mari;57
Eevaliisa;57
Jamina;57
Suzan;57
Gia;57
Hanna-Maarit;57
Anni-Elina;57
Eva-Lisa;56
Li;56
Miili;56
Sol-Britt;56
Satu-Maaria;56
Elly;56
Kaiju;56
Corinne;56
Aino-Sofia;56
Nelle;56
Gea;56
Kikka;55
Toive;55
Riikka-Leena;55
Ingalill;55
Inka-Maria;55
Sini-Maaria;55
Kitta;55
Bettiina;55
Ella-Mari;55
Leena-Maria;55
Pia-Liisa;55
Suzanne;55
Keiju;55
Erja-Liisa;55
Anu-Maarit;55
Chiara;54
Minna-Maija;54
Kaisu-Leena;54
Maijastiina;54
Kirsti-Liisa;54
Amélie;54
Eriikka;54
Lene;54
Tarja-Tuulikki;54
Kastehelmi;54
Siiri-Sofia;54
Anne-May;54
Aino-Liisa;54
Katja-Maria;54
Satu-Sinikka;54
Laura-Kaisa;54
Hanna-Maaria;54
Tuula-Riitta;54
Pirja;54
Maryan;53
Janine;53
Donna;53
Grace;53
Lolan;53
Merit;53
Halima;53
Nimo;53
Kersti;53
Lise-Lotte;53
Rose-Maj;53
Katri-Maria;53
Tiiti;53
Dolly;53
Huda;53
Eva-Stina;53
Pauline;53
Terhikki;53
Anna-Kaija;53
Anna-Helena;53
Lova;52
Anni-Maija;52
Moonika;52
Mianna;52
Nemi;52
Viliina;52
Hamdi;52
Taiga;52
Leija;52
Magda;52
Lioubov;52
Mella;52
Jenika;52
Ella-Noora;52
Mirelle;52
Laine;52
Hani;52
Maija-Kaisa;52
Silla;52
Vanja;52
Neve;52
Suvi-Marja;52
May-Britt;52
Mari-Johanna;52
Minna-Maaria;51
Una;51
Soja;51
Manja;51
Titti;51
Weera;51
Eeva-Stiina;51
Anastassia;51
Catrin;51
Anu-Maria;51
Misa;51
Lucy;51
Venja;51
Annelie;51
Niini;51
Ann-Catrin;51
Ulla-Riikka;51
Kirsten;51
Maari;51
Sarri;51
Kaisa-Maija;51
Maritza;51
Eva-Lotta;51
Alinda;50
Eela;50
Pirjetta;50
Katia;50
Sarina;50
Annariikka;50
Isra;50
Muisto;50
Gunlög;50
Mildrid;50
Serafina;50
Emmi-Maria;50
Etti;50
Gloria;50
Margaret;50
Riitta-Sisko;50
Ilana;50
Henriette;50
Anna-Katriina;50
Madelene;50
Jannike;50
Ulla-Stina;50
Lana;50
Emine;49
Abigail;49
Tarita;49
Anna-Maarit;49
Henrica;49
Irena;49
Naima;49
Tonja;49
Cara;49
Jenica;49
Hanne-Maria;49
Pii;49
Marielle;49
Riikka-Mari;48
Tova;48
Hilde;48
Violetta;48
Tuua;48
Emina;48
Tuija-Liisa;48
Menna;48
Silpa;48
Ella-Sofia;48
Jamila;48
Stefanie;48
Ida-Lotta;48
Esra;48
Arna;48
Penni;48
Vendla;48
Cornelia;48
Sanni-Mari;48
Käthe;48
Saana-Maria;48
Emili;47
Mimmu;47
Elli-Maria;47
Margareetta;47
Rosalia;47
Albina;47
Pia-Mari;47
Ann-Charlott;47
Soraja;47
Estelle;47
Oona-Maria;47
Adalmina;47
Denice;47
Caroliina;47
Liliana;47
Birit;47
Nelli-Noora;47
Tinna;47
Marietta;46
Essi-Maria;46
Mindi;46
Aivi;46
Sari-Anna;46
Aana;46
Uma;46
Najma;46
Shukri;46
Helin;46
Annimari;46
Flora;46
Milla-Maaria;46
Mildred;46
Jonna-Mari;46
Leonora;46
Maryama;46
Outi-Maria;46
Henriika;46
Silmu;46
Reetta-Liisa;45
Muusa;45
Megan;45
Melek;45
Lillian;45
Anna-Katri;45
Katju;45
Engla;45
Halimo;45
Ami;45
Corinna;45
Tella;45
Eerin;45
Sarlotta;45
Soraya;45
Sheila;45
Sirkku-Liisa;44
Gundel;44
Roza;44
Saara-Maija;44
Hong;44
Riitta-Kaisa;44
Anika;44
Jeannette;44
Kylli;44
Immi;44
Marjo-Leena;44
Elif;44
Anceliga;44
Sahar;44
Alfhild;44
Katrine;44
Aleksiina;44
Tiitta;44
Salome;44
Nasti;43
Catrine;43
Ainomaija;43
Liselotte;43
Anna-Reeta;43
Danielle;43
Henna-Kaisa;43
Taava;43
Sannakaisa;43
Ada-Sofia;43
Julianne;43
Naimi;43
Velma;43
Aire;43
Sue;43
Heini-Maria;43
Jacqueline;43
Pricilla;43
Kaisli;43
Carmela;43
Maret;42
Siw;42
Thu;42
Marwa;42
Sisko-Liisa;42
Hanna-Elina;42
Aada-Maria;42
Tuula-Anneli;42
Minna-Riikka;42
Tiffany;42
Peppina;42
Ayla;42
Marla;42
Vienna;42
Noor;42
Sanna-Maaria;42
Tuva;42
Tarleena;42
Liisu;42
Lauren;42
Ida-Emilia;42
Gunni;42
Elissa;42
Faina;42
Piia-Maria;42
Eda;42
Juli;42
Juulianna;42
Khadra;42
Brianna;42
Eliana;42
Tiia-Riikka;42
Jenna-Julia;42
Joan;41
Eja;41
Solbritt;41
Ayaan;41
Ninnu;41
Ulla-Brita;41
Ingegärd;41
Sari-Maarit;41
Marilla;41
Hannamaija;41
Mia-Mari;41
Savanna;41
Ulriika;41
Minella;41
Helmi-Maria;41
Pia-Riitta;41
Hanan;41
Eleni;41
Taira;41
Yasmina;41
Anina;41
Sanni-Maria;41
Wanda;40
Liidia;40
Iiri;40
Lydmila;40
Minessa;40
Suna;40
Nika;40
Freija;40
Rinja;40
Layla;40
Ulla-Kaisa;40
Sesilia;40
Jinna;40
Dalia;40
Eija-Sinikka;40
Ulla-Leena;40
Vivi-Ann;40
Gunlis;40
Jemima;40
Aniita;39
Tiia-Riina;39
Ottilia;39
Julija;39
Anne-Liisa;39
Henna-Leena;39
Tiana;39
Aisla;39
Kelly;39
Vilma-Lotta;39
Hymy;39
Jada;39
Vendela;39
Oma;39
Savannah;39
Dania;39
Veea;39
Marinka;39
Tiina-Marja;39
Mira-Maria;39
Marja-Elina;39
Anya;39
Hetti;39
Erja-Riitta;39
Juudit;39
Arita;39
Soilikki;39
Mindy;39
Anastasija;39
Tanita;39
Alessandra;39
Gita;39
Shirin;39
Liza;39
Miona;39
Soma;38
Mili;38
Henna-Maija;38
Merle;38
Miia-Marika;38
Casandra;38
Ellamari;38
Noelle;38
Priitta;38
Irkka;38
Demi;38
Melis;38
Yolanda;38
Jessina;38
Leena-Kaarina;38
Claire;38
Varma;38
Sirpa-Leena;38
Aimi;38
Alida;38
Maijaliisa;38
Helpi;38
Tuuni;38
Mariette;38
Anja-Leena;38
Luisa;38
Emma-Kaisa;38
Mirja-Riitta;38
Hilla-Maria;38
Sarika;38
Satu-Sisko;38
Petronella;38
Lotten;38
Eevaleena;38
Tuija-Leena;38
Priscilla;38
Jeni;37
Annemarie;37
Anne-Marjut;37
Saara-Kaisa;37
Izabella;37
Maissi;37
Adna;37
Annastina;37
Aino-Inkeri;37
Tiia-Tuulia;37
Mare;37
Anastacia;37
Ann-Helen;37
Erja-Leena;37
Miranna;37
Merina;37
Noa;37
Safiya;37
Verona;37
Deborah;37
Eeva-Kristiina;37
Magdaleena;37
Hilkka-Maija;37
Anne-Kaarina;37
Vilina;37
Veena;37
Emma-Maria;37
Niki;37
Ifrah;37
Marjanne;37
Rahma;37
Lumikki;36
Ellanoora;36
Hanneli;36
Rimma;36
Fiinu;36
Sini-Tuuli;36
Anu-Liisa;36
Anni-Emilia;36
Jenny-Maria;36
Theresia;36
Kitte;36
Alia;36
Ella-Maija;36
Carolin;36
Hanna-Marja;36
Xenia;36
Louisa;36
Seita;36
Adalia;36
Francesca;36
Metta;36
Lise-Lott;36
Alexsandra;36
Safira;36
Wiivi;36
Kerttuli;35
Ciia;35
Desirée;35
Farah;35
Gun-May;35
Ingvor;35
Lilla;35
Simona;35
Kea;35
Emma-Leena;35
Vesta;35
Heli-Maria;35
Iida-Lotta;35
Krista-Maria;35
Merete;35
Annaliina;35
Mesi;35
Teija-Liisa;35
Miska;35
Edda;35
Cathrine;35
Beea;35
Viivi-Maria;35
Iida-Maija;35
Anmari;35
Siro;35
Andréa;35
Ros-Marie;35
Marlen;34
Estella;34
Leena-Mari;34
Mari-Leena;34
Manuela;34
Medina;34
Soini;34
Metti;34
Thyra;34
Ioulia;34
Pia-Kristiina;34
Anu-Mari;34
Elsa-Maria;34
Henniina;34
Hannamaria;34
Reetta-Leena;34
Olena;34
Anu-Leena;34
Viona;34
Tatjaana;34
Saara-Liisa;34
Mari-Ann;34
Vida;34
Leena-Sisko;34
Kerttu-Liisa;34
Arianna;34
Sini-Marja;34
Malak;34
Zahraa;34
Tuomi;34
Alessa;34
Veela;34
Hana;34
Anne-Christine;34
Aya;34
Zoja;34
Anni-Leena;34
Esmeralda;34
Viviana;33
Marjaterttu;33
Zinaida;33
Nadezhda;33
Paloma;33
Selene;33
Melody;33
Sanni-Sofia;33
Natali;33
Elinor;33
Ditte;33
Mai-Lis;33
Jaana-Maria;33
Eeva-Sisko;33
Dorothy;33
Meryem;33
Mi;33
Dea;33
Rode;33
Inessa;33
Laura-Maija;33
Leena-Riitta;33
Saija-Leena;33
Emmaliina;33
Marikka;33
Reetta-Kaisa;33
Kirsi-Maaria;33
Serafia;33
Milja-Maria;33
Sundus;33
Jasna;33
Marja-Kristiina;33
Eva-Marie;32
Sini-Maarit;32
Sorella;32
Vega;32
Violet;32
Telle;32
Adéle;32
Arlene;32
Aula;32
Esma;32
Sanna-Riitta;32
Tintti;32
Christin;32
Renate;32
Minéa;32
Azra;32
Le;32
Irinja;32
Ada-Maria;32
Janella;32
Malviina;32
Nelia;32
Heili;32
Phuong;32
Ayse;32
Adeline;32
Rosalie;32
Kirta;32
Nasra;32
Tiiamari;32
Katie;32
Caterina;32
Eevamaria;32
Kaiho;32
Saara-Sofia;32
Anne-Maaret;32
Britt-Louise;32
Roosa-Mari;32
Yana;32
Kayla;32
Joy;32
Eevakaisa;32
Wendy;32
Riitta-Marja;31
Maare;31
Farhia;31
Eliza;31
Seija-Sisko;31
Karelia;31
Eena;31
Natja;31
Katy;31
Noemi;31
Alisia;31
Joana;31
Sissel;31
Hetta;31
Brenda;31
Aija-Leena;31
Lizette;31
Zhanna;31
Eva-Maija;31
Wilda;31
Kiia-Maria;31
Ariel;31
Seena;31
Evin;31
Eva-Kaarina;31
Sickan;31
Iida-Mari;31
Tiina-Leena;31
Sannamaija;31
Suvi-Maarit;31
Ainomaria;31
Marge;31
Eija-Inkeri;31
Kirsi-Leena;31
Signhild;31
Sanna-Marja;31
Rosi;31
Asmaa;31
Smilla;31
Iida-Liisa;31
Salka;31
Linda-Marie;31
Nenne;31
Maija-Sisko;31
Ullamari;31
Greeta;31
Lianna;30
Anne-Charlotte;30
Mari-Susanna;30
Mariama;30
Bertha;30
Hawo;30
Eyvor;30
Marja-Lea;30
Anne-Marika;30
Desiree;30
Hanna-Riina;30
Marja-Anneli;30
Hannaliisa;30
Meerit;30
June;30
Elida;30
Iida-Emilia;30
Riitta-Maria;30
Evelia;30
Dolores;30
Suvianna;30
Seija-Leena;30
Varvara;30
Eeva-Riikka;30
Minnaliisa;30
Marlena;30
Sirkkaliisa;30
Fardowsa;30
Ulla-Britta;30
Tuuli-Maaria;30
Miija;30
Chloé;30
Adanna;30
Mandy;30
Taisia;30
Aada-Sofia;30
Nan;29
Gunveig;29
Erina;29
Minne;29
Sigbritt;29
Marjoriitta;29
Diane;29
Hanne-Maarit;29
Maija-Stiina;29
Hawa;29
Sievä;29
Lykke;29
Inga-Liisa;29
Eevamaija;29
Vivianna;29
Henna-Riitta;29
Eleanor;29
Aline;29
Noelia;29
Onna;29
Kiisa;29
Gunbritt;29
Samsam;29
Anna-Pauliina;29
Henna-Maaria;29
Jenni-Johanna;29
Henna-Riina;29
Gladys;29
Maija-Kaarina;29
Roosa-Maaria;29
Jemiina;29
Anna-Julia;29
Ulla-Liisa;29
Mathilde;29
Ruuth;29
Vivien;29
Jonna-Riikka;29
Saili;29
Anne-Maritta;29
Ripsa;29
Matilde;29
Ulla-Maarit;29
Reetta-Maria;29
Eeva-Lotta;29
Sirkka-Maija;29
Joanne;28
Leonie;28
Sagal;28
Auroora;28
Ciara;28
Piret;28
Sävy;28
Tuyet;28
Hiba;28
Päivyt;28
Lida;28
Emmi-Kaisa;28
Eva-Lena;28
Majlen;28
Tuulianna;28
Jertta;28
Ingemo;28
Eetla;28
Ulla-Kaarina;28
Florence;28
Anne-Leena;28
Katja-Leena;28
Markit;28
Suvi-Tuulikki;28
Inge-Britt;28
Juanita;28
Anab;28
Esme;28
Marjo-Kaisa;28
Tiinamari;28
Jenna-Riikka;28
Sannaleena;28
Hannemari;28
Bahar;28
Brigitte;28
Molla;28
Sibel;28
Minta;28
Amiira;28
Faisa;28
Nyyti;28
Maggie;28
Norah;28
Maren;28
Emma-Liisa;27
Nasrin;27
Helky;27
Julietta;27
Maria-Helena;27
Kathy;27
Saba;27
Lilija;27
Priita;27
Serina;27
Seliina;27
Kathleen;27
Priska;27
Meliina;27
Riia-Maria;27
Aletta;27
Ashley;27
Sallamaria;27
Rana;27
Jessiina;27
Päivi-Sisko;27
Helén;27
Awa;27
Janna-Mari;27
Eeda;27
Mairi;27
Anu-Kaisa;27
Hanna-Sofia;27
Stefania;27
Heli-Marja;27
Annemaria;27
Marsa;27
Krisse;27
Kukka-Maria;27
Maritsa;27
Leena-Marjatta;27
Ruby;27
Julina;27
Margareeta;27
Zeynep;27
Eili;27
Sirppa;27
Henna-Liisa;27
Kuura;27
Noora-Emilia;27
Vivika;27
Nikki;27
Inca;27
Petra-Maria;27
Tyyra;27
Desiré;27
Rafaela;27
Vilda;27
Mette-Maria;27
Miia-Riikka;27
Eiri;27
Viktoriya;27
Meena;27
Aino-Marja;27
Tiija;26
Taru-Tuulia;26
Annel;26
Ellimaija;26
Linea;26
Anetta;26
Neena;26
Armiida;26
Sanna-Marika;26
Marja-Maija;26
Titi;26
Annimaria;26
Milia;26
Sadia;26
Tarina;26
Camille;26
Piita;26
Roosamari;26
Mimma;26
Britt-Inger;26
Miia-Liisa;26
Else-May;26
Katya;26
Liila;26
Celeste;26
Milla-Riina;26
Meh;26
Rosalinda;26
Raija-Riitta;26
Lotta-Mari;26
Aino-Emilia;26
Minna-Kristiina;26
Amilia;26
Tuuve;26
Lisa-Maria;26
Tuija-Riitta;26
Evena;26
Ramla;26
Hennamari;26
Elice;26
Kia-Maria;26
Milea;26
Safa;26
Alba;26
Darling;26
Cira;26
Anne-Maaria;26
Mari-Annika;26
Pilvi-Sisko;26
Silja-Maria;26
Nur;26
Sini-Pilvi;26
Natalija;26
Neda;26
Minh;25
Farida;25
Ksenija;25
Tetti;25
Satu-Johanna;25
Mertta;25
Ull-Britt;25
Nguyen;25
Saara-Leena;25
Venla-Maria;25
Aiju;25
Jael;25
Neera;25
Raissa;25
Peppilotta;25
Helny;25
Vilmiina;25
Marine;25
Aino-Mari;25
Alison;25
Jasmiini;25
Eedith;25
Meritta;25
Melia;25
Bushra;25
Ira-Maria;25
Mia-Marika;25
Saina;25
Anne-Helena;25
Emmi-Noora;25
Aylin;25
Venna;25
Minnie;25
Kirsi-Marjut;25
Maria-Sofia;25
Titta-Maria;25
Emmelie;25
Riikka-Maija;25
Emmie;25
Carol;25
Emilla;25
Shirley;25
Ellamaria;25
Pia-Leena;25
Kristen;25
Jeena;25
Sandy;25
Trine;25
Valerie;25
Enni-Maria;25
Lotta-Emilia;25
Suvi-Elina;25
Minna-Marika;25
Lilianna;25
Muna;25
Hannariikka;25
Kaja;25
Lynn;25
Anna-Elisa;25
Emelia;25
Merve;25
Henna-Maarit;25
Tuttu;25
Elli-Mari;25
Marjanna;25
Tuikku;25
Renée;25
Sini-Vuokko;25
Arma;25
Samiira;24
Ing-Britt;24
Heli-Maarit;24
Maileena;24
Giulia;24
Najmo;24
Aija-Liisa;24
Gunvi;24
Alvina;24
Dorita;24
Nasro;24
Siv-Britt;24
Tari;24
Jennimari;24
Milla-Emilia;24
Ela;24
Anni-Lotta;24
Margetta;24
Kaisaleena;24
Annariitta;24
Päivi-Maria;24
Céline;24
Rosa-Marie;24
Vea;24
Marle;24
Eeva-Helena;24
Emma-Liina;24
Seila;24
Chelsea;24
Pi;24
Teiju;24
Iidamaria;24
Mariaana;24
Vivica;24
Ülle;24
Anuliina;24
Torborg;24
Gun-Viol;24
Ida-Mari;24
Berfin;24
Sannamaria;24
Mayvor;24
Meya;24
Salla-Maija;24
Jella;24
Madelen;24
Tilla;24
Hanna-Kaarina;24
Idil;24
Sari-Susanna;24
Satu-Susanna;24
Laura-Emilia;24
Chantal;24
Nea-Sofia;24
Lovis;24
Tilta;24
Jiina;24
Mairit;24
Hillervo;24
Senia;24
Anu-Maija;24
Iqra;24
Joyce;24
Aino-Leena;24
Rosanne;23
Fatemeh;23
Alevtina;23
Sini-Sofia;23
Lissu;23
Emeliina;23
Lotta-Liisa;23
Kalla;23
Mari-Kaisa;23
Ene;23
Edona;23
Miina-Maria;23
Néa;23
Liina-Lotta;23
Leenamaija;23
Siham;23
Lisa-Marie;23
Varpu-Leena;23
Pia-Sofia;23
Anissa;23
Hibo;23
Virginia;23
Majbritt;23
Lis-Britt;23
Darina;23
Delia;23
Eleanora;23
Maria-Riitta;23
Iraida;23
Marena;23
Berith;23
Toivi;23
Tupu;23
Nina-Mari;23
Malgorzata;23
Pihla-Maria;23
Ann-May;23
Gabrielle;23
Sania;23
Els-Maj;23
Pippa;23
Enia;23
Janice;23
Kristi;23
Melike;23
Leanna;23
Tuulevi;23
Sirpa-Riitta;23
Alfa;23
Chris;23
Ainokaisa;23
Liisamaija;23
Mercedes;23
Anni-Helena;23
Helianna;23
Yusra;23
Tatyana;23
Elli-Sofia;23
Irmelin;23
Shahla;23
Mari-Elina;23
Sasha;23
Melita;23
Pipa;23
Adella;23
Niina-Mari;23
Carolyn;23
Anniliina;23
Tähti;23
Minette;23
Sabrin;23
Eugenia;22
Natascha;22
Anna-Brita;22
Rosamaria;22
Alica;22
Kara;22
Maija-Reetta;22
Inge-May;22
Jerika;22
Ada-Emilia;22
Ubah;22
Catalina;22
Ilham;22
Vilhelmina;22
Scarlett;22
Eliise;22
Helmi-Sofia;22
Sirena;22
Briita;22
Heli-Maija;22
Silve;22
Jenni-Kaisa;22
Katja-Mari;22
Emmi-Julia;22
Hilja-Maria;22
Odelia;22
Lorena;22
Minna-Marja;22
Sanniina;22
Bich;22
Yan;22
Kati-Johanna;22
Debora;22
Kimberly;22
Ninette;22
Kirsi-Maija;22
Derya;22
Elza;22
Lidija;22
Riina-Maija;22
Reetta-Maija;22
Maija-Helena;22
Gun-Marie;22
Mari-Helena;22
Henriina;22
Eila-Maija;22
Muska;22
Idamaria;22
Nomi;22
Mariita;22
Jelina;22
Zanna;22
Riittaliisa;22
Piia-Riitta;22
Ania;22
Silke;22
Daalia;21
Millie;21
Tanja-Maria;21
Madicken;21
Serafima;21
Eeva-Kaija;21
Taisa;21
Madeline;21
Dorothea;21
Jenifer;21
Lejla;21
Justina;21
Munira;21
Therése;21
Roda;21
Alisha;21
Beerit;21
Elisaveta;21
Inka-Riina;21
Taiju;21
Edita;21
Emilja;21
Iro;21
Mariikka;21
Sima;21
Inga-Maria;21
Sasa;21
Siiri-Maria;21
Majken;21
Alviina;21
Malou;21
Osmi;21
Serja;21
Elmira;21
Mariko;21
Emi;21
Eerica;21
Rosemarie;21
Faduma;21
Aasa;21
Susana;21
Anna-Kristina;21
Talvi;21
Lotta-Sofia;21
Marinella;21
May-Len;21
Habiba;21
Päivi-Helena;21
Viviann;21
Elliina;21
Katja-Maarit;21
Lin;21
Nanja;21
Ayda;21
Gullvi;21
Mai-Britt;21
Aleksia;21
Liz;21
Senny;21
Dinah;21
Shani;21
Anna-Tuulia;21
Adaliina;21
Nele;21
Emmaleena;21
Hilla-Maaria;21
Piia-Pauliina;21
Brita-Liisa;21
Maiju-Leena;21
Agnesa;21
Anja-Kaarina;21
Ofelia;21
Sana;21
Anna-Leea;21
Iija;21
Lis-Marie;21
Tiltu;21
Thilde;21
Suvi-Anna;21
Yuliya;21
Karima;21
Miia-Maarit;21
Iryna;21
Virpi-Liisa;21
Ainikki;21
Maj-Brit;21
Linh;21
Mireille;20
Eveline;20
Evguenia;20
Mari-Liisa;20
Anna-Lea;20
Tetta;20
Mimoza;20
Riitta-Anneli;20
Ida-Kaisa;20
Dunia;20
Satu-Maija;20
Laura-Elina;20
Riina-Kaisa;20
Ann-Maria;20
Olka;20
Dilan;20
Amaal;20
Lumikukka;20
Satu-Päivikki;20
Ancela;20
Tiia-Liisa;20
Jessie;20
Nani;20
Veera-Kaisa;20
Uni;20
Kaisa-Marja;20
Aslög;20
Ida-Maija;20
Anett;20
Sargit;20
Isadora;20
Sarai;20
Suzana;20
Anna-Katarina;20
Nathalia;20
Ritva-Anneli;20
Kaneli;20
Anna-Kreetta;20
Aleksina;20
Kastanja;20
Birgitte;20
Evie;20
Wivi;20
Suad;20
Nura;20
Anne-Elina;20
Iivi;20
Britt-Maj;20
Shamso;20
Elke;20
Beatriz;20
Annasofia;20
Malle;20
Nea-Noora;20
Sari-Anneli;20
Jaana-Maarit;20
Danica;20
Nawal;20
Ann-Cathrine;20
Ellimari;20
Jaanika;20
Samia;20
Paula-Maria;20
Elsbeth;20
Meini;20
Egzona;20
Isa-Maria;20
Rebekah;20
Rebeca;20
Suvi-Sisko;20
Eija-Maija;20
Holly;20
Madina;19
Miia-Maaria;19
Anna-Sisko;19
Amani;19
Effi;19
Maijaleena;19
Reina;19
Alana;19
Seynab;19
Heather;19
Nataliya;19
Pia-Susanna;19
Evgenija;19
Iina-Sofia;19
Nimco;19
Pia-Maarit;19
Rahmo;19
Sari-Helena;19
Jaana-Maija;19
Alda;19
Janissa;19
Tiina-Riikka;19
Anna-Marie;19
Ann-Catrine;19
Sinaida;19
Miisa-Maria;19
Mirabella;19
Mirigli;19
Anna-Bella;19
Ragna;19
Sari-Johanna;19
Ros-Maj;19
Nisa;19
Jaana-Liisa;19
Lilja-Maria;19
Ulla-Kristiina;19
Aino-Ilona;19
Iidaliina;19
Ella-Maaria;19
Maxine;19
Emma-Riikka;19
Deniz;19
Heidi-Mari;19
Salla-Maari;19
Angelique;19
Hanna-Marika;19
Nelli-Maria;19
Lilya;19
Marléne;19
Nahid;19
Lucinda;19
Iana;19
Tuila;19
Bojan;19
Rayaan;19
Merituulia;19
Fatou;19
Anne-Marjo;19
Damla;19
Aure;19
Janna-Maria;19
Verena;19
Vilja-Maria;19
Nata;19
Enid;19
Idun;19
Gullan;19
Maaren;19
Vanilla;19
Tuula-Maria;19
Urda;19
Neta;19
Anna-Kajsa;19
Dunja;19
Sonja-Maria;19
Rae;19
Renee;19
Roberta;19
Satu-Päivi;19
Sindi;19
Jeanne;19
Anna-Erika;19
Dilara;19
Hanna-Lotta;19
Reet;19
Delila;19
Arja-Maija;19
Eedi;19
Bao;19
Eija-Kaarina;19
Leenu;19
Mona-Maria;19
Maria-Terttu;19
Silje;19
Jenni-Sofia;19
Ulla-Kaija;19
Hanna-Katri;19
Kirsimaria;19
Linda-Mari;19
Pia-Pauliina;19
Nour;19
Anh;19
Fatema;19
Janiika;19
Mirela;19
Agnetha;19
Laura-Liisa;19
Hildi;18
Sanny;18
Liilia;18
Anja-Maija;18
Keira;18
Riitta-Mari;18
Teija-Leena;18
Marie-Christine;18
Vivianne;18
Kadri;18
Lena-Maria;18
Marttiina;18
Rayan;18
Sumeya;18
Dorthy;18
Anneka;18
Anu-Elina;18
Quynh;18
Annabelle;18
Neija;18
Utu;18
Mareena;18
Izabelle;18
Kaisa-Reetta;18
Aviva;18
Tiinu;18
Uljana;18
Leena-Anneli;18
Eevamari;18
Minnamaria;18
Teija-Riitta;18
Anna-Liina;18
Jean;18
Jaana-Kaisa;18
Nida;18
Dominique;18
Kiki;18
Donia;18
Yael;18
Minna-Sisko;18
Millamari;18
Jenni-Emilia;18
Camila;18
Iréne;18
Pinja-Maria;18
Sievi;18
Eija-Maarit;18
Zamzam;18
Iinu;18
Michele;18
Miitu;18
Moira;18
Nhu;18
Emmi-Riikka;18
Liina-Maria;18
Arta;18
Taini;18
Mirva-Liisa;18
Vicky;18
Ila;18
Betti;18
Giselle;18
Tess;18
Tiina-Sisko;18
Lotta-Maija;18
Kaisamari;18
Natacha;18
Riina-Mari;18
Karoline;18
Sofiia;18
Yara;18
Anuliisa;18
Gresa;18
Leenakaisa;18
Naana;18
Agata;18
Päivi-Liisa;18
Jerina;18
Roosa-Emilia;18
Mia-Riitta;18
Rosina;18
Jonina;18
Arja-Sisko;18
Caitlin;18
Mariza;18
Marjariitta;18
Cynthia;18
Kesia;18
Annareetta;18
Anneliina;18
Inka-Mari;18
Kati-Maria;18
Meri-Helmi;18
Ronia;18
Arlinda;18
India;18
Niina-Riikka;18
Mari-Hannele;18
Heléne;17
Hajar;17
Satu-Liisa;17
Teela;17
Natasa;17
Hayley;17
Katja-Maaria;17
Katalin;17
Hanaan;17
Piia-Mari;17
Ivy;17
Iina-Emilia;17
Iina-Mari;17
Léa;17
Meemi;17
Christiina;17
Martiina;17
Nadeschda;17
Nina-Maarit;17
Virpi-Leena;17
Sara-Emilia;17
Mea-Maria;17
Suvituulia;17
Piia-Liisa;17
Michela;17
Dahlia;17
Jenni-Julia;17
Liisa-Lotta;17
Maj-Gun;17
Kathryn;17
Annmarie;17
Ida-Liisa;17
Bibi;17
Myrna;17
Heliä;17
Liina-Maija;17
Inga-Lis;17
Satu-Helena;17
Ajla;17
Lea-Liisa;17
Maira;17
Perla;17
Zandra;17
Ellinora;17
Cesilia;17
Jevgenia;17
Anne-Mai;17
Hatice;17
Odette;17
Heta-Maria;17
Emmalotta;17
Reetta-Mari;17
Tarja-Helena;17
Kaisi;17
Anu-Kristiina;17
Hailey;17
Amie;17
Warda;17
Sindy;17
Binta;17
Kendra;17
Lis-Mari;17
Tuana;17
Hoda;17
Triinu;17
Helmi-Lotta;17
Marjam;17
Roxana;17
Briitta-Liisa;17
Beate;17
Alexandria;17
Helfrid;17
Lotta-Maaria;17
Anni-Ilona;17
Svanhild;17
Reeta-Maria;17
Aile;17
Lee;17
Sini-Susanna;17
Iida-Liina;17
Pirjo-Sisko;17
Seera;17
Lolita;17
Narges;17
Pirkkoliisa;17
Irja-Leena;17
Salla-Kaisa;17
Indira;17
Lumi-Kukka;17
Jenna-Riina;17
Ritvaliisa;17
Shania;17
Jamilla;17
Kateriina;17
Elmiira;17
Ariela;17
Saranda;17
Satu-Mari;17
Jaana-Mari;16
Edina;16
Hildegard;16
Dita;16
Liivia;16
Riitta-Kaarina;16
Lumi-Tuuli;16
Birthe;16
Meriem;16
Rabia;16
Tuuliina;16
Pirketta;16
Taia;16
Varpu-Liisa;16
Sanni-Kaisa;16
Sirkku-Leena;16
Anu-Susanna;16
Piiu;16
Hoang;16
Maleena;16
Minna-Kaarina;16
Roosamaria;16
Anna-Laura;16
Reija-Liisa;16
Gull-Maj;16
Piatta;16
Blanka;16
Hanna-Reeta;16
Thua;16
Olga-Maria;16
Jina;16
Vasilisa;16
Mirve;16
Nasteho;16
Nila;16
Päivi-Leena;16
Karolin;16
Nafisa;16
Villa;16
Donya;16
Emelina;16
Inès;16
Cora;16
Chanel;16
Hanna-Katariina;16
Salla-Maaret;16
Zina;16
Elvina;16
Iri;16
Raquel;16
Eija-Sisko;16
Teuta;16
Anni-Maaria;16
Nea-Emilia;16
Ainoliina;16
Farhiyo;16
Laura-Leena;16
Minttu-Mari;16
Astri;16
Madison;16
Teri;16
Ann-Nina;16
Chatarina;16
Adea;16
Eva-Mari;16
Sinimarja;16
Fatmire;16
Maija-Riikka;16
Malika;16
Terhi-Tuulia;16
Maja-Lisa;16
Tytti-Maria;16
Tiina-Maarit;16
Maikku;16
Kerttu-Kaarina;16
Gaia;16
Sannu;16
Vilna;16
Wei;16
Elina-Maria;16
Hanna-Helena;16
Uuna;16
Drita;16
Milvi;16
Annimaija;16
Nella-Maria;16
Judy;16
Liisa-Mari;16
Saija-Liisa;16
Zenita;16
Esti;16
Violeta;16
Rosalina;16
Aniela;16
Riikkaliisa;16
Mirka-Maria;16
Nikolina;16
Anzhelika;16
Heidi-Maarit;16
Jenni-Leena;16
Mari-Ella;16
Nellinoora;16
Saija-Maria;16
Ronda;16
Taila;16
Ikran;16
Jaana-Marja;16
Albulena;16
Fartun;16
Blerta;15
Selda;15
Yu;15
Sari-Leena;15
Aster;15
Emmi-Leena;15
Sofiina;15
Emiilia;15
Githa;15
Jemilia;15
Angel;15
Ikram;15
Jenna-Juulia;15
Gemma;15
Salla-Sofia;15
Ninetta;15
Amra;15
Pia-Johanna;15
Sikke;15
Anni-Riikka;15
Taika-Tuuli;15
Juno;15
Nabila;15
Anjelika;15
Mary-Anne;15
Miiu;15
Piela;15
Isella;15
Amber;15
Tilly;15
Satu-Kaarina;15
Hella;15
Erza;15
Karmen;15
Ulla-Helena;15
Anne-Kristina;15
Junia;15
Phoebe;15
Sanela;15
Marisanna;15
Filsan;15
Thilda;15
Inni;15
Alea;15
Dafina;15
Kirke;15
Caisa;15
Isela;15
Zelda;15
Saara-Lotta;15
Boel;15
Tiara;15
Auvo;15
Juuni;15
Kianna;15
Helma;15
Tordis;15
Febe;15
Seea;15
Katja-Marika;15
Annamaaria;15
Anne-Sisko;15
Zaynab;15
Ranya;15
Vjollca;15
Myriam;15
Olessia;15
Poppy;15
Mia-Maarit;15
Lotta-Kaisa;15
Noura;15
Celinda;15
Elen;15
Gilda;15
Merette;15
Amaya;15
Muru;15
Pian;15
Mari-Anneli;15
Tiinaliisa;15
Inke;15
Faiza;15
Mirja-Maija;15
Venera;15
Muniira;15
Saynab;15
Kaisa-Riitta;15
Hebe;15
Piiku;15
Parisa;15
Oodi;15
Ija;15
Ilhan;15
Marja-Tuulikki;15
Wai;15
Ulla-Pia;15
Audrey;15
Melika;15
Carine;15
Faadumo;15
Laura-Sofia;15
Hennariina;15
Ejvor;15
Silvi;15
Philippa;15
Marget;15
Elaine;15
Mariya;15
Nicoletta;15
Nadya;15
Irma-Leena;15
Natalya;15
Satu-Lotta;15
Henna-Reetta;15
Emmilotta;15
Glory;15
Rosemary;15
Adèle;15
Nena;15
Penelope;15
Tiina-Tuulia;15
Tony;15
Olesja;15
Kawsar;15
Linda-Lotta;15
Merja-Hannele;15
Vanda;15
Viktorija;15
Feride;15
Sari-Maria;15
Parvin;15
Liisa-Marja;15
Francisca;15
Laini;15
Blanca;15
Aamina;15
Kay;15
Riitta-Helena;15
Sig-Britt;14
Enni-Sofia;14
Fatime;14
Annikaisa;14
Titta-Riina;14
Sydney;14
Liliya;14
Zofia;14
Irini;14
Tiia-Maarit;14
Ivana;14
Mia-Maija;14
Roine;14
Solina;14
Stina-Maria;14
Hanna-Lea;14
Mari-Jaana;14
Annalisa;14
Mitja;14
Tiia-Mariia;14
Veera-Sofia;14
Tessi;14
Anju;14
Enne-Liisa;14
Ellida;14
Anna-Marika;14
Chia;14
Maru;14
Iida-Kaisa;14
Heli-Riitta;14
Jarita;14
Monique;14
Kamila;14
Laura-Mari;14
Torhild;14
Aimee;14
Ellariina;14
Saranna;14
Iina-Maija;14
Janitta;14
Josetta;14
Merva;14
Novalie;14
Hanna-Sisko;14
Aliyah;14
Anna-Eveliina;14
Mielikki;14
Emma-Julia;14
Towe;14
Taria;14
Taru-Tuuli;14
Ikraam;14
Lorin;14
Marigona;14
Tiida;14
Mysi;14
Annevi;14
Sara-Lotta;14
Aija-Riitta;14
Eloise;14
Ing-Mari;14
Sevgi;14
Terhi-Marja;14
Henna-Sofia;14
Joella;14
Ullariikka;14
Franziska;14
Rosa-Mari;14
Qamar;14
Salla-Tuulia;14
Leena-Liisa;14
Minna-Marjaana;14
Alexina;14
Pirkko-Riitta;14
Robyn;14
Essi-Lotta;14
Pille;14
Beada;14
Fariba;14
Saija-Riikka;14
Jonna-Julia;14
Etna;14
Jitta;14
Reeta-Kaisa;14
Aziza;14
Neea-Maria;14
Katja-Helena;14
Heine;14
Kyra;14
Juuli-Anna;14
Emma-Reetta;14
Ria-Maria;14
Ying;14
Saaramaria;14
Marjorie;14
Satu-Hannele;14
Miita;14
Saara-Mari;14
Grethel;14
Ha;14
Katja-Liisa;14
Maria-Elena;14
Rim;14
Hanna-Karoliina;14
Sahro;14
Gun-Mari;14
Fredrica;14
Marlén;14
Hanne-Leena;14
Tuuva;14
Anja-Maria;14
Marja-Lena;14
Kirsti-Kaarina;14
Taru-Maija;14
Annalotta;14
Maria-Elina;14
Milou;14
Luz;14
Marutzella;14
Coco;14
Eva-Marja;14
Eeva-Reetta;14
Sadaf;14
Augusta;14
Anaïs;14
Miinu;14
Liine;14
Ulla-Sisko;14
Monia;14
Pia-Marja;14
Cristel;14
Suzanna;14
Jutta-Maria;14
Salla-Marja;14
Mari-Annukka;14
Tea-Maria;14
Trude;14
Kaste-Helmi;14
Nermin;14
Ida-Marie;14
Keren;14
Wiola;14
Pirpa;14
Anna-Pia;14
Elsa-Maija;14
Laia;14
Pikka;14
Villiina;14
Enny;14
Mahsa;14
Cecilie;13
Ilse-Maj;13
Rahel;13
Gullevi;13
Runo;13
Heidi-Marika;13
Riina-Liisa;13
Toni;13
Ritva-Maija;13
Iona;13
Ilhaan;13
Hila;13
Meliha;13
Gull-Britt;13
Angeliina;13
Salla-Riikka;13
Tellu;13
Olesya;13
Tanja-Maarit;13
Aissa;13
Tiia-Riitta;13
Tiina-Elina;13
Wilja;13
Eeva-Inkeri;13
Titta-Mari;13
Essi-Emilia;13
Malaika;13
Mirca;13
Deeqa;13
Hanna-Tuulia;13
Kaisa-Maaria;13
Darya;13
Randa;13
Satu-Elina;13
Satu-Maaret;13
Jasmiin;13
Narin;13
Athena;13
Paula-Maija;13
Zehra;13
Eline;13
Ellimaria;13
Tracy;13
Jamie;13
Milla-Maarit;13
Gunn-Maj;13
Saria;13
Yelena;13
Anne-Marjatta;13
Dunya;13
Jenni-Elina;13
Johanne;13
Merilla;13
Eija-Maria;13
María;13
Marja-Hannele;13
Teressa;13
Zarah;13
Silvana;13
Ella-Kaisa;13
Minna-Elina;13
Ruusu-Maria;13
Halina;13
Oona-Emilia;13
Tesla;13
Hanna-Emilia;13
Michal;13
Annilotta;13
Emilija;13
Zoya;13
Natta;13
Irem;13
Lowa;13
Mariliina;13
Rosie;13
Minna-Susanna;13
Nadiya;13
Tuuli-Mari;13
Jing;13
Kaika;13
Eva-Riitta;13
Eva-Christina;13
Piipa;13
Taru-Maria;13
Tone;13
Asho;13
Diina;13
Jenna-Sofia;13
Sena;13
Hanna-Kaija;13
Hui;13
Enisa;13
Mirna;13
Sanna-Riina;13
Wendla;13
April;13
Solin;13
Tia-Mari;13
Ella-Roosa;13
Kaisa-Elina;13
Maie;13
Pirke;13
Luana;13
Priya;13
Adile;13
Inka-Liisa;13
Marisol;13
Marike;13
Sari-Liisa;13
Solange;13
Thora;13
Lilith;13
Maina;13
Ainoliisa;13
Anahita;13
Anni-Julia;13
Christiane;13
Hamda;13
Reeta-Mari;13
Lumianna;13
Neeta;13
Ronja-Maria;13
Sini-Päivikki;13
Carissa;13
Emely;13
Amna;13
Heidi-Maaria;13
Fereshteh;13
Hanna-Lena;13
Anne-Kaisa;13
Armida;13
Heloisa;13
Naimo;13
Hanna-Pauliina;13
Lorna;13
Lumi-Helmi;13
Hope;13
Ismahan;13
Jilla;13
Caro;13
Nicoline;13
Susie;13
Mia-Sofia;13
Ardita;13
Iliana;13
Ancelika;13
Anu-Maaria;13
Sofija;13
Kati-Susanna;13
Marjan;13
Tina-Maria;13
Miretta;13
Ulla-Kristina;13
Iina-Lotta;13
Mija;13
Pihka;13
Suvi-Johanna;13
Tilhi;13
Gisella;13
Sanni-Maija;13
Inga-Lisa;13
Renita;13
Meriam;13
Sannimari;13
Sinella;13
Anny;13
Sini-Meri;13
Latifa;13
Piija;13
Viivi-Lotta;13
Albana;13
Heta-Maija;13
Wanja;13
Danja;13
Kukkamaaria;13
Lise-Maj;13
Rose-Mari;13
Georgina;13
Stefani;13
Athina;13
Elona;13
Svitlana;13
Annami;13
Karine;13
Meri-Maaria;13
Saana-Tuulia;13
Sanna-Tuulia;13
Hippu;13
Sulevi;13
Onneli;13
Pirjo-Hannele;13
Valmu;13
Aala;13
Hilpe;13
Kirsi-Marjo;13
Marguerite;13
Riikka-Johanna;13
Virpa;13
Jolanta;13
Vera-Maria;13
Saido;13
Israa;13
Tähkä;12
Tiia-Sofia;12
Kitti;12
Päivi-Elina;12
Tira;12
Emma-Noora;12
Isabela;12
Marus;12
Skye;12
Suvi-Kukka;12
Nawaal;12
Natasia;12
Elvy;12
Hazel;12
Jiia;12
Ka;12
Roya;12
Vivienne;12
Heddy;12
Sari-Hannele;12
Tasnim;12
Elsmaj;12
Nella-Noora;12
Kaija-Helena;12
Neah;12
Janelle;12
Mariah;12
Sanaa;12
Sisko-Maria;12
Anni-Marja;12
Noora-Sofia;12
Avin;12
Kati-Maarit;12
Helina;12
Piia-Maarit;12
Anu-Pauliina;12
Catrina;12
Eman;12
Päivi-Maarit;12
Anzelika;12
Aysha;12
Linda-Sofia;12
Sanna-Sofia;12
Mae;12
Inka-Sofia;12
Fowsia;12
Kaila;12
Miya;12
Lumi-Lilja;12
Merja-Helena;12
Nicolette;12
Rona;12
Shannon;12
Hannariina;12
Sihaam;12
Hedy;12
Jenni-Maija;12
Lumnije;12
Katri-Johanna;12
Maija-Elina;12
Rose-May;12
Sariina;12
Valpu;12
Tiinamaija;12
Enni-Lotta;12
Kaitlyn;12
Katjaana;12
Anna-Carin;12
Madelein;12
Tyti;12
Aiko;12
Inga-Maarit;12
Fanni-Sofia;12
Lei;12
Kaijaleena;12
Mariliisa;12
Petrina;12
Daga;12
Annlis;12
Agnia;12
Lucie;12
Margareth;12
Ariella;12
Piia-Riikka;12
Elda;12
Enniina;12
Lottaliina;12
Maaru;12
Mélanie;12
Taika-Tuulia;12
Salina;12
Aada-Emilia;12
Nene;12
Noella;12
Pirkka;12
Kadi;12
Niina-Kaisa;12
Snöfrid;12
Venus;12
Asla;12
Marella;12
Gunn-Lis;12
Outi-Mari;12
Sisko-Helena;12
Elpi;12
Lada;12
Saara-Elina;12
Zeineb;12
Sanna-Reetta;12
Mari-Sisko;12
Pia-Marie;12
Terhi-Liisa;12
Heini-Marja;12
Kirsi-Marika;12
Maiju-Liina;12
Evgeniya;12
Lemmikki;12
Mirja-Kaarina;12
Niika;12
Christiana;12
Krystyna;12
Meg;12
Nella-Sofia;12
Sara-Julia;12
Vaili;12
Silja-Riitta;12
Tiia-Leena;12
Raakkel;12
Marcela;12
Sona;12
Rosmari;12
Alexis;12
Lembi;12
Sari-Maija;12
Mahnaz;12
Heidi-Marja;12
Maria-Teresa;12
Myra;12
Sanna-Pauliina;12
Blerina;12
Ella-Riina;12
Hilda-Maria;12
Ing-Maj;12
Kaisa-Reeta;12
Leenamari;12
Evamaria;12
Anna-Maj;12
Nelmi;12
Antonella;12
Rihanna;12
Akuliina;12
Hilla-Marja;12
Marjo-Riina;12
Merilin;12
Outi-Marja;12
Anu-Marja;12
Ibtisam;12
Keth;12
Minetta;12
Oliwia;12
Aliise;12
Anu-Liina;12
Maarja;12
Manar;12
Marcella;12
Zsuzsanna;12
Faith;12
Iida-Elina;12
Roosa-Maija;12
To;12
Katharine;12
Negin;12
Merja-Terttu;12
Eina;12
Orvo;12
Sabiha;12
Åse;12
Anna-Ilona;12
Anila;12
Brita-Lisa;12
Linette;12
Katrianna;12
Heidi-Susanna;12
Silja-Sofia;12
Alona;12
Anne-Birgitta;11
Kimete;11
Lippe;11
Saidi;11
Shukrije;11
Ulli;11
Vianna;11
Adelaide;11
Aino-Riitta;11
Ann-Cathrin;11
Ida-Amanda;11
Minca;11
Teodora;11
Eeva-Sofia;11
Satu-Marika;11
Maarita;11
Ina-Maria;11
Jun;11
Satu-Marjaana;11
Ulpukka;11
Ritja;11
Sandi;11
Tarja-Sisko;11
Vanesa;11
Zoé;11
Hero;11
Iina-Kaisa;11
Safi;11
Sisi;11
Riikka-Maaria;11
Jia;11
Miia-Leena;11
Anumari;11
Barbi;11
Eunice;11
Jenni-Maaria;11
Miri;11
Florentina;11
Ippa;11
Marie-Helene;11
Lotta-Liina;11
Annu-Maria;11
Evia;11
Fay;11
Hillamari;11
Yen;11
Inga-Maj;11
Debbie;11
Milja-Maaria;11
Moona-Maria;11
Krenare;11
Marga;11
Roxanne;11
Terri;11
Lenny;11
Nora-Maria;11
Tuuli-Anna;11
Jolina;11
Kaija-Maija;11
Safiyo;11
Rita-Maria;11
Sevda;11
Tiia-Marika;11
Anne-Katariina;11
Elliida;11
Sane;11
Grazyna;11
Elbe;11
Rabab;11
Ottiilia;11
Iita-Maria;11
Malina;11
Nina-Marie;11
Satu-Kristiina;11
Timna;11
Tuula-Marjatta;11
Arja-Terttu;11
Theodora;11
Annemo;11
Annabell;11
Iza;11
Sisko-Riitta;11
Anela;11
Cheryl;11
Riinu;11
Alicja;11
Ann-Sophie;11
Ema;11
Lirije;11
Josefia;11
Lamia;11
Leticia;11
Merianna;11
Tuija-Maija;11
Mari-Sanna;11
Pami;11
Rista;11
Hellikki;11
Illusia;11
Heta-Liisa;11
Iria;11
Outi-Katariina;11
Aira-Liisa;11
Hilta;11
Margitta;11
Sini-Johanna;11
Valerija;11
Dorthe;11
Heli-Johanna;11
Rinesa;11
Saija-Riitta;11
Toivikki;11
Ann-Gret;11
Eevariitta;11
Viivia;11
Ann-Sofia;11
Jerita;11
Kaisla-Maria;11
Júlia;11
Marja-Sinikka;11
Patrizia;11
Paula-Riitta;11
Yagmur;11
Arielle;11
Shari;11
Viima;11
Désirée;11
Malvina;11
Davina;11
Heidy;11
Miski;11
Jerica;11
Cleo;11
Jennamiia;11
Meta;11
Tiia-Maaria;11
Elene;11
Kaisamaria;11
Minnamaija;11
Arianne;11
Alvi;11
Biritta;11
Emeline;11
Alex;11
Asia;11
Luiza;11
Margitha;11
Winnie;11
Damaris;11
Jenni-Liisa;11
Minnaleena;11
Antoinette;11
Yamina;11
Uliana;11
Johanna-Maria;11
Sara-Tuulia;11
Dilek;11
Matlena;11
Salima;11
Suvi-Pilvi;11
Miimi;11
Triin;11
Amel;11
Fitore;11
Inka-Maaria;11
Aalia;11
Riim;11
Eila-Sisko;11
Päivi-Riitta;11
Samar;11
Tarja-Anneli;11
Anne-Marit;11
Emira;11
Beryl;11
Réka;11
Aria;11
Ena;11
Lonny;11
Olesia;11
Sakina;11
Kjerstin;11
Marileena;11
Nina-Johanna;11
Reija-Leena;11
Sunita;11
Edel;11
Katarine;11
Vlora;11
Mihaela;11
Riia-Liisa;11
Aminata;11
Ekaterini;11
Diellza;11
Pirve;11
Emma-Karoliina;11
Liisa-Kaarina;11
Nanda;11
Pia-Christina;11
Taina-Liisa;11
Weronika;11
Anesa;11
Donika;11
Janka;11
Tarja-Terttu;11
Yvette;11
Anna-Juulia;11
Kerli;11
Marilyn;11
Millamaria;11
Piretta;11
Hanna-Katriina;11
Lumi-Maria;11
Farhio;11
Minna-Johanna;11
Shabnam;11
Sini-Marika;11
Carlotta;11
Marleen;11
Ann-Jeanette;11
Georgia;11
Merihelmi;11
Hinda;11
Riija;11
Besarta;11
Meri-Kukka;11
Eva-Leena;11
Liljen;11
Freia;11
Kaltrina;11
Milla-Riikka;11
Anastasiya;11
Beatta;11
Carole;11
Marja-Riikka;11
Rena;11
Riikka-Susanna;11
Nike;11
Runa-Lisa;11
Vineta;11
Kirsi-Liisa;11
Lija;11
Outi-Maaria;11
Pike;11
Suvi-Pauliina;11
Annalena;11
Mulki;11
Neri;11
Tilja;11
Pelagia;11
Emila;11
Rosa-Liina;11
Sari-Sisko;11
Jenny-Sofia;11
Viri;11
Dorotea;11
Anuriikka;11
Lotta-Riina;11
Aime;11
Amalie;11
Maliina;11
Mya;11
Sarra;11
Gunne;11
Pirkko-Maija;11
Elsbet;11
Kariina;11
Nuura;11
Ann-Katrine;11
Tahiti;11
Cathy;11
Tonya;11
Reini;10
Seni;10
Anni-Roosa;10
Emmi-Liina;10
Rosa-Linda;10
Sara-Tuuli;10
Milaya;10
Prisilla;10
Reija-Riitta;10
Sari-Minna;10
Aino-Maaria;10
Emma-Roosa;10
Hanna-Laura;10
Milva;10
Sallamaarit;10
Ansku;10
Lavinia;10
Neila;10
Satu-Leena;10
Shanti;10
Annileena;10
Elwa;10
Lisi;10
Reena;10
Elzbieta;10
Laure;10
Aynur;10
Marjo-Reetta;10
Rika;10
Juana;10
Kreetta-Liisa;10
Lora;10
Sini-Maaret;10
Borghild;10
Ildikó;10
Aleksa;10
Fanny-Maria;10
Anni-Riitta;10
Hanne-Riikka;10
Ludmilla;10
Christelle;10
Eija-Elina;10
Iina-Riikka;10
Lis;10
Meriitta;10
Kaarna;10
Kirsi-Marie;10
Ulla-Terttu;10
Urve;10
Mireka;10
Nelliina;10
Riikka-Elina;10
Ayesha;10
Alix;10
Giia;10
Katarzyna;10
Nerea;10
Bigga;10
Antoniina;10
Talia;10
Asteri;10
Jippu;10
Pia-Helena;10
Ella-Olivia;10
Kairi;10
Lindis;10
Hanni-Mari;10
Avilla;10
Dalila;10
Nenja;10
Joa;10
Jennyfer;10
Neonilla;10
Evangelia;10
Selin;10
Seyedeh;10
Vanilja;10
Elga;10
Loretta;10
Miilia;10
Tu;10
Alanna;10
Kristy;10
Penny;10
Raika;10
Rima;10
Pirkitta;10
Senita;10
Piia-Johanna;10
Eeli;10
Kaisaliisa;10
Kübra;10
Valo;10
Ioanna;10
Manal;10
Julita;10
Krisztina;10
Melodi;10
Meria;10
Valbone;10
Ai;10
Bia;10
Neema;10
Antigona;10
Angeline;10
Ann-Caroline;10
Asli;10
Cécile;10
Eva-Maj;10
Pirjo-Helena;10
Timea;10
Arja-Helena;10
Axa;10
Emmakaisa;10
Sennu;10
Selinda;10
Jutta-Mari;10
Raija-Sisko;10
Ann-Maarit;10
Piri;10
Niina-Liisa;10
Tuula-Mari;10
Ling;10
Sadio;10
Terttu-Maija;10
Allison;10
Riina-Lotta;10
Tereza;10
Amran;10
Anna-Mi;10
Lii;10
Ammi;10
Antje;10
Elvia;10
Kirsti-Maija;10
Rosmarie;10
Sharmin;10
Embla;10
Helja;10
Mari-Tuulia;10
Sini-Mari;10
Liisamari;10
Maiju-Liisa;10
Mona-Liisa;10
Riikka-Sisko;10
Alja;10
Fatuma;10
Mallu;10
Sannaliisa;10
Anna-Inkeri;10
Milja-Emilia;10
Charlene;10
Gunni-Maj;10
Havin;10
Rosa-Emilia;10
Marya;10
Seda;10
Vanni;10
Cami;10
Gentiana;10
Heile;10
Ikraan;10
Amino;10
Amila;10
Sanna-Kaija;10
Miana;10
Nerissa;10
Thien;10
Henrita;10
Josette;10
Elenor;10
Farhiya;10
Saabiriin;10
Seija-Sinikka;10
Shira;10
Lu;10
Pia-Carita;10
Tertta;10
Mirke;10
Denisa;10
Mia-Riikka;10
Nina-Marika;10
Shahnaz;10
Sinem;10
Mii;10
Anvi;10
Ahlam;10
Romina;10
Xiao;10
Asrin;10
Liridona;10
Tarja-Maarit;10
Aksa;10
Ave;10
Hanna-Elisa;10
Nela;10
Rispa;10
Adelle;10
Ella-Riikka;10
Kaija-Sisko;10
Meri-Sisko;10
Vailet;10
Maria-Elisa;10
Mojgan;10
Tiinakaisa;10
Brigitta;10
Juan;10
Nea-Mari;10
Anu-Johanna;10
Kaisu-Liisa;10
Leanne;10
Pirkko-Helena;10
Anna-Miia;10
Cristine;10
Milla-Riitta;10
Shqipe;10
Hanna-Stiina;10
Meeli;10
Seri;10
Grete;10
Pertta;10
Sanya;10
Sea;10
Solweig;10
Sultan;10
Vadelma;10
Saga-Sofia;10
Amela;10
Marjo-Hannele;10
Milona;10
Aino-Sisko;10
Mielo;10
Anna-Kreeta;10
Hanin;10
Liisamaria;10
Saila-Maria;10
Sumeja;10
Evianna;10
Kaire;10
Ida-Julia;10
Cathrin;10
Clarisse;10
Elham;10
Nesrin;10
Valdine;10
Ainomari;10
Hillamaria;10
Adelie;10
Anna-Mia;10
Gwen;10
Hind;10
Monja;10
Dianna;10
Sandra-Sofia;10
Marjana;10
Jenna-Emilia;10
Kirsi-Marjaana;10
Maria-Kristiina;10
Ala;10
Chanelle;10
Jaael;10
Kati-Mari;10
Jinka;10
Meri-Tuulikki;10
Viivi-Sofia;10
Anna-Roosa;10
Jin;10
Neili;10
Friia;10
Mirjaliisa;10
Lita;10
Pricella;10
Sirpa-Helena;10
Taija-Leena;10
Almira;10
Hava;10
Heli-Sisko;10
Terttu-Kaarina;10
Maida;10
Outi-Leena;10
Vendi;10
Liliane;10
Sofja;10
Lotta-Leena;10
Ragnborg;10
Su;10
Eija-Marja;10
Ella-Emilia;10
Heidi-Marie;10
Kaste;10
Juuli-Maria;10
Tessaliina;10
Anni-Riina;10
Miia-Riina;10
Milla-Roosa;10
Lalla;10
Jonna-Kaisa;10
Aninka;10
Hélène;10
Luljeta;10
Anni-Liisa;10
Caisha;10
Helmi-Riitta;10
Piippa;10
Hilla-Mari;10
Niina-Maija;10
Raune;10
Fathi;10
Thao;10
Agnieszka;10
Catja;10
Diona;10
Dominika;10
Eha;10
Eleonor;10
Jena;10
Senni-Sofia;10
Trina;10
Ida-Annika;10
Liina-Kaisa;10
Neli;10
Afnaan;10
Shima;10
Kateryna;10
Joela;10
Hilkka-Leena;10
