Matti;46804
Timo;46319
Juha;45877
Kari;42251
Mikko;39518
Antti;39282
Jari;38712
Jukka;35310
Markku;34706
Pekka;34556
Mika;33967
Hannu;31675
Heikki;31493
Seppo;30439
Janne;27847
Ari;27784
Sami;26370
Ville;25714
Marko;25430
Erkki;25138
Pentti;24812
Petri;24442
Lauri;24128
Jani;22949
Jorma;22540
Harri;20591
Raimo;20396
Teemu;20327
Eero;20203
Risto;19511
Jaakko;19460
Jarmo;19291
Martti;18379
Pasi;18346
Jussi;18301
Pertti;18212
Esa;17845
Veikko;17567
Reijo;17489
Juho;17253
Jouni;17169
Arto;16881
Toni;16830
Niko;16762
Jouko;16457
Esko;16399
Vesa;15938
Markus;15805
Olli;15546
Tomi;15525
Tuomas;15284
Kimmo;15059
Aleksi;14737
Joni;14536
Tommi;14416
Tero;14107
Joonas;12988
Henri;12629
Paavo;12150
Pauli;11755
Ilkka;11717
Kalle;11710
Eetu;11550
Jarkko;11476
Eino;11077
Tuomo;11013
Leo;10896
Jesse;10854
Tapio;10208
Joona;10105
Veli;10094
Jere;9690
Keijo;9689
Juuso;9320
Simo;9272
Mikael;8979
Jyrki;8969
Lasse;8926
Matias;8812
Arttu;8713
Onni;8657
Elias;8628
Juhani;8583
Toivo;8494
Mauri;8379
Kauko;8378
Aki;8124
Reino;8102
Kai;8055
Riku;7833
Väinö;7673
Leevi;7617
Teuvo;7419
Rauno;7392
Otto;7382
Miika;7374
Jarno;7360
Niklas;7169
Joel;7096
Jan;7070
Tauno;6909
Niilo;6657
Olavi;6583
Valtteri;6528
Veeti;6364
Ossi;6327
Daniel;6321
Veijo;6318
Ismo;6134
Kalevi;6059
Osmo;6024
Rasmus;5868
Anssi;5828
Roope;5814
Santeri;5767
Asko;5621
Atte;5519
Vilho;5514
Aaro;5439
Aimo;5415
Oskari;5413
Yrjö;5393
Samuli;5328
Taisto;5291
Anton;5140
Miro;5108
Samu;4998
Kim;4940
Lassi;4857
Tuukka;4800
Aarne;4729
Aapo;4711
Johan;4680
Samuel;4561
Karl;4550
Oliver;4433
Tarmo;4369
Arvo;4368
Henry;4367
Mauno;4361
Tapani;4351
Emil;4313
Roni;4274
Henrik;4246
Viljo;4220
Topi;4219
Miikka;4154
Sakari;4098
Jyri;4085
Eemeli;4068
Tatu;4047
Erik;4041
Jimi;4040
Ahti;4022
Kaarlo;3992
Konsta;3964
Sauli;3956
Johannes;3913
Tom;3910
Alpo;3888
Ilpo;3887
Julius;3857
Lars;3760
Saku;3724
Akseli;3692
Kaj;3690
Unto;3689
Aatu;3631
Patrik;3598
Alex;3489
Veli-Matti;3472
Kyösti;3449
Max;3438
Rami;3430
Oiva;3424
Vili;3419
Heimo;3359
Kristian;3339
Jonne;3297
Peter;3286
Aulis;3270
Juha-Pekka;3221
Iiro;3126
Kasper;3048
Eemil;3032
Jukka-Pekka;2993
Miska;2991
Viljami;2941
Sampo;2899
Nico;2845
Jami;2841
Hans;2823
Eelis;2792
Teppo;2782
Benjamin;2720
Robert;2719
Tony;2704
Topias;2704
Sulo;2677
Sebastian;2646
Leif;2619
Urho;2601
Pyry;2576
Lenni;2547
Petteri;2528
Eeli;2523
Aku;2475
Thomas;2452
Harry;2418
Santtu;2410
Panu;2384
Perttu;2373
Miko;2358
Voitto;2357
Otso;2353
Veli-Pekka;2320
Ilari;2301
Urpo;2283
Rainer;2250
Carl;2249
Juha-Matti;2226
Aaron;2214
Luka;2202
Alexander;2192
Olli-Pekka;2183
Terho;2139
Aarno;2127
Jonas;2119
Nils;2117
John;2110
Robin;2093
Tomas;2070
Antero;2053
Hugo;2022
Veikka;2021
Luukas;2019
Paul;1973
Ilmari;1933
Reima;1932
Klaus;1897
Teijo;1894
Aarre;1893
Christian;1880
Tino;1872
Elmeri;1862
Bengt;1859
Arvi;1815
Stig;1807
Anders;1805
Nooa;1802
Jasper;1781
Hannes;1740
Stefan;1732
Nuutti;1723
Lari;1721
Peetu;1718
Rolf;1715
Oskar;1683
Joonatan;1682
Joakim;1663
Sven;1660
Ari-Pekka;1660
Kalervo;1652
Severi;1647
Tommy;1642
Lucas;1567
Kurt;1564
Noel;1562
Karri;1547
Kaapo;1540
Aatos;1518
Frans;1508
Aarni;1507
Lukas;1506
Tenho;1503
Jori;1489
Marcus;1485
Andreas;1476
Axel;1474
Kasperi;1468
Erno;1456
Justus;1440
Jesper;1436
Martin;1426
Oscar;1425
Ralf;1396
Mats;1386
Kenneth;1369
Manu;1345
Taneli;1337
Jerry;1328
Bo;1308
William;1306
Rauli;1301
Kimi;1300
Jari-Pekka;1296
Per;1285
Heino;1274
Timi;1264
Ali;1253
Björn;1237
Luca;1228
Raine;1220
Patrick;1212
Simon;1205
Sisu;1204
Touko;1199
Fredrik;1197
Taavi;1184
Jonathan;1177
Viktor;1153
Elmo;1150
Alvar;1148
Helge;1131
Juhana;1127
Michael;1096
Verneri;1090
Ulf;1090
Kosti;1082
Vertti;1063
Jiri;1062
Dan;1058
Jan-Erik;1045
Eerik;1035
Tuure;1032
Mico;1028
Kevin;1004
Sampsa;1002
Bror;996
Linus;982
Armas;980
Allan;971
Mathias;970
Casper;970
Felix;957
Tobias;950
Artturi;949
Auvo;948
Christer;932
Ilmo;932
Ville-Veikko;928
David;923
Visa;911
Erkka;892
Jens;891
Taito;887
Alf;883
Jooa;878
Magnus;872
Niki;867
Kjell;841
Roger;827
Mohamed;827
Krister;824
Milo;819
Valto;810
Göran;809
Iikka;807
Eemi;800
Börje;799
Jarl;772
Jussi-Pekka;766
Victor;764
Vesa-Matti;762
Altti;762
Marco;754
Petrus;745
Kaarle;742
Jalo;742
Isto;742
Niclas;736
Aleksanteri;732
Adam;731
Jose;731
Jeremias;727
Waltteri;720
Tor;714
Jimmy;711
Noah;698
Jon;688
Albert;688
Edvin;683
Joose;680
Ukko;680
Jonatan;676
Sasu;661
Tiitus;658
Teo;655
Roy;652
Johnny;650
Filip;637
Torsti;636
Antton;633
Nikolas;629
Åke;627
Okko;621
Turo;614
Richard;613
Ensio;611
Eliel;603
Eric;603
Jim;598
Dennis;594
Paulus;588
Jonni;585
Kauno;584
Hemmo;574
Håkan;572
Nicolas;569
Niila;569
Bjarne;568
Usko;561
Christoffer;560
Tim;560
Gunnar;560
Oula;559
Rene;541
Iivari;537
Raino;533
Ahmed;530
Noa;525
Reko;524
Atso;522
Nicholas;517
Ville-Pekka;516
Andrei;510
Ben;510
Vesa-Pekka;505
Frank;502
Jalmari;502
Ilja;496
Elia;495
Gabriel;491
Isak;489
Toimi;488
Hermanni;488
Sam;487
Mark;486
Guy;483
Petja;480
Nikolai;480
Vincent;479
Juri;478
Pietari;474
Antti-Jussi;469
Miki;468
Mirko;468
Leon;466
Liam;464
Georg;457
Eljas;454
Jasu;452
Arno;452
Eevert;452
Arne;451
Kari-Pekka;447
Dani;445
Aatto;443
Valter;443
Walter;443
Eppu;441
Elis;435
Gustav;434
Rafael;433
Mio;431
Boris;424
Sten;423
Venni;422
Antti-Pekka;417
Aapeli;417
Turkka;412
Vladimir;411
Soini;410
Einari;407
Theo;404
Uuno;404
Pontus;404
Adrian;401
Christopher;401
Aukusti;400
Klas;400
Aamos;400
Into;397
Aron;397
Arsi;396
Ronny;395
Tage;392
Iivo;389
Nicklas;386
Jaro;385
Samppa;385
Kent;384
Rune;381
Amos;374
Kaino;371
André;369
Mattias;367
Pekko;365
Antto;363
Orvo;360
Kristoffer;353
Ole;351
Asmo;351
Jakob;347
Wille;337
Aksel;337
Mikke;336
Matts;333
Bruno;332
Jonny;332
Jare;331
Valde;328
Birger;328
Osku;327
Kaius;327
Ville-Petteri;320
Mohammad;318
Svante;317
Neo;314
Sergei;311
Gösta;309
Van;308
Per-Erik;307
Olof;307
Nestori;305
Nino;305
Artur;304
Ove;303
Elmer;302
Anttoni;301
Karo;300
Vilppu;299
Pete;298
Torsten;298
Mertsi;297
Herman;297
Asser;297
Erkko;296
Esa-Pekka;296
Omar;295
Philip;294
Pirkka;294
Albin;294
Ville-Matti;293
Bernt;293
Aake;293
Hannu-Pekka;291
Aleksandr;291
Pietu;290
Jörgen;289
Jari-Matti;289
Sune;287
Mitja;286
Maunu;286
Igor;285
Arthur;285
Ernst;284
Romeo;284
Aleksander;283
Lennart;283
Einar;282
Kasimir;281
Jacob;280
Ruben;279
Joa;278
Petter;278
Wilhelm;278
Karim;277
Ari-Matti;276
Roland;275
Petro;274
Elliot;274
Jean;273
James;271
Maxim;271
Pavel;270
Berndt;270
Karl-Erik;268
Ivan;268
Aleksis;268
Herkko;267
Nikke;266
Vihtori;266
Joachim;264
Immo;263
August;262
Edvard;261
Benny;260
Timo-Pekka;258
Jack;258
Jaani;258
Juho-Pekka;258
Totti;258
Dick;257
Rikhard;255
Mohammed;254
Evert;251
Arvid;250
Bertel;250
Marius;249
Ingmar;249
Knut;249
Ibrahim;249
Carl-Johan;248
Lars-Erik;248
Jetro;247
Viljam;246
Masi;244
Edward;243
Manne;243
Kuisma;243
Rony;242
Abdirahman;242
Rauni;241
Iisakki;241
Dimitri;241
Amir;240
Joosua;238
Holger;237
Verner;237
Yngve;237
Denis;234
Jake;234
Alfred;234
Roman;233
Aslak;233
Jason;232
Maximilian;230
Olli-Matti;229
Nikita;228
Mårten;227
Jone;226
Ted;224
Charles;223
Julian;223
Joshua;222
Ohto;221
Peik;221
Valo;220
Samir;220
Alvin;220
Eeti;220
Aleksei;220
Kare;219
Pessi;218
Ronnie;217
Ola;214
Staffan;214
Anselmi;214
Aarto;212
Tore;212
Conny;212
Ville-Valtteri;211
Raul;209
Helmer;207
Sture;207
Kennet;207
Ivar;206
Oleg;205
Caj;203
Jani-Petteri;203
Jasse;202
Jali;202
Casimir;201
Frej;198
Konstantin;197
Huugo;197
Jaska;197
Alexandre;197
Renne;197
Abdullahi;195
Olle;194
Glenn;194
Dmitri;194
Anthony;194
Alvari;194
Aappo;193
Sixten;192
Simeon;192
Mike;192
Simo-Pekka;192
Jermu;192
Alec;191
Joe;191
Wiljami;190
Matthew;190
Eddie;190
Folke;189
Ian;187
Jarko;186
René;183
Antonio;183
Sören;183
Gustaf;182
Karl-Johan;181
Kerkko;181
Ami;179
Mustafa;179
Maksim;179
Kristo;178
Jesperi;178
Sami-Pekka;178
Kari-Matti;176
Melvin;175
Terno;175
Manuel;175
Muhammad;174
Rico;174
Benjam;174
Jusa;173
Sami-Petteri;172
Ron;171
Jeremia;171
Wilmer;171
Hassan;170
Fred;169
Harald;169
Atro;168
Rudolf;167
Aate;167
Micke;167
Kuutti;167
Marc;166
Saska;165
Ken;164
Carlos;164
Mihail;164
Veini;164
Sergey;163
Uolevi;163
Isac;162
Iisak;162
Miio;161
Jan-Peter;160
Dominic;159
Nemo;159
Torbjörn;159
Leonard;158
Jani-Pekka;157
Vilhelm;156
Valentin;156
Wäinö;155
Milton;154
Ragnar;154
Levi;154
Miiko;154
Jan-Mikael;154
Hemmi;153
Henrikki;153
Esa-Matti;153
Ossian;153
Bertil;152
Ahmad;152
Andrew;152
Per-Olof;152
Mikhail;152
Alvi;152
Rickard;151
Sulevi;151
Juho-Matti;151
Kustaa;151
Mehmet;151
Saul;150
Benjami;150
Kullervo;150
Cristian;149
Tristan;149
Edwin;148
Kusti;148
Valeri;148
Kaj-Erik;147
Risto-Matti;147
Sakke;146
Clas;145
Hussein;145
Thor;145
Miiro;145
Niko-Petteri;145
Zacharias;144
Kauri;144
Elja;143
Remu;141
Torolf;141
Alexi;141
Hamza;140
Josef;140
Alfons;138
Yusuf;137
Uula;137
Sven-Erik;137
Mitro;136
Janne-Pekka;136
Kirill;136
Viggo;135
Elo;135
Matti-Pekka;135
Leonardo;135
Werner;134
Akusti;133
Greger;132
Hiski;132
Jirka;131
Misa;131
Curt;131
Abdi;131
Juha-Petri;130
Ismail;130
Jero;129
Rabbe;129
Andrey;127
Said;127
Claes;126
Jyry;126
Matteus;125
Juha-Petteri;124
Riku-Pekka;124
Sammy;124
Ville-Markus;124
Juhamatti;124
Anttu;124
Pär;123
Mikko-Pekka;123
Ryan;123
Joseph;122
Runar;121
Nils-Erik;121
Titus;121
Vikke;121
Alexei;120
Aati;120
Valdemar;119
Auno;118
Amin;118
Roberto;118
Luke;117
Juan;117
Bo-Erik;117
Jeremy;116
Harto;116
Werneri;115
Eerikki;115
Khalid;115
Raoul;115
Vinski;115
Jaan;115
Lenny;114
Micael;114
Eevertti;114
Miku;114
Fabian;113
Alpi;113
Uljas;113
Hasan;113
Silvo;112
Valle;112
Edgar;112
Sean;112
Ture;112
Jussi-Petteri;111
Mauritz;111
Måns;111
Tami;111
Jiro;110
Alexey;110
Patric;110
Arimo;110
Alexis;110
Miklas;110
Eikka;109
Eeka;109
Ahto;109
Anas;108
Anatoli;108
Jeri;108
Juska;107
George;107
Timothy;107
Asla;106
Tyko;106
Aksu;106
Vadim;105
Morris;105
Verne;105
Niilas;105
Nathan;105
Minh;105
Olav;104
Vieno;104
Dmitry;104
Andre;103
Hampus;103
Pehr;103
Taavetti;103
Eduard;103
Colin;103
Kalle-Pekka;103
Riku-Petteri;102
Carl-Erik;102
Roi;102
Jerker;101
Jakke;101
Leino;100
Thanh;100
Liinus;100
Keimo;100
Jan-Olof;100
Valtter;100
Kaspian;100
Rufus;100
Wiljam;100
Milko;100
Jan-Henrik;99
Artem;99
Vili-Valtteri;99
Luis;98
Weeti;98
Nestor;98
Abdul;98
Vidar;98
Charlie;98
Myrsky;97
Rolle;97
Rurik;97
Eki;97
Karlo;97
Uno;97
Ari-Jukka;97
Carlo;96
Riki;96
Alan;96
Milan;96
Jasperi;95
Ludvig;95
Ano;95
Claus;94
Asseri;94
Toomas;94
Eero-Pekka;94
Theodor;93
Semi;93
Vladislav;93
Elvis;93
Jaako;93
Jaajo;93
Kenny;92
Aale;92
Joni-Petteri;92
Jani-Matti;91
Urmas;91
Aki-Petteri;91
Jeremi;91
Daniil;90
Eemu;90
Sameli;90
Miguel;90
Sakarias;89
Hans-Erik;89
Joni-Pekka;88
Herbert;88
Muhammed;88
Steven;88
Fjalar;88
Valtti;88
Ronald;88
Pedro;87
Taimo;87
Mikki;87
Deniz;87
Finn;87
Dylan;86
Jussa;86
Niku;86
Jouka;86
Emppu;86
Chris;86
Emilio;86
Antti-Juhani;86
Mario;86
Wili;85
Pepe;85
Aleks;85
Kristofer;85
Tuisku;85
Dag;84
Joska;84
Ray;84
Abdullah;84
Mahamed;84
Jerri;84
Armo;83
Jan-Kristian;83
Osman;83
Sven-Olof;82
Carl-Gustav;81
Mika-Petteri;81
Emre;81
Zakaria;81
Selim;80
Vitali;80
Veli-Jussi;80
Michel;80
Totte;80
Adnan;79
Joacim;79
Marek;79
Jooel;79
Jan-Eric;79
Leonid;79
Jyri-Pekka;78
Stanislav;78
Ralph;78
Eugen;78
Ilppo;78
Antti-Ville;77
Nick;77
Remi;77
Mika-Petri;77
Alarik;77
José;77
Emir;77
Matthias;77
Evgeny;77
Marlo;77
Veetu;76
Miikael;76
Otto-Ville;76
Otava;76
Hilding;76
Kosmo;76
Karl-Gustav;76
Alessandro;75
Aito;75
Tarvo;75
Tahvo;75
Olli-Petteri;75
Brian;75
Hasse;74
Juho-Antti;74
Timmy;74
Raymond;73
Ethan;73
Matteo;73
Ante;73
Bert;72
Jan-Markus;72
Nicky;72
Mika-Matti;72
Jokke;72
Renny;72
Evan;71
Ricardo;71
Arnold;70
Yasin;70
Risto-Pekka;70
Teodor;70
Valio;70
Tero-Pekka;70
Reeti;70
Caius;70
Calle;70
Dante;69
Reetu;69
Vaito;69
Harri-Pekka;69
Jukka-Matti;69
Jirko;69
Launo;69
Riku-Matti;69
Jamal;68
Viking;68
Ekku;68
Juho-Petteri;68
Ere;68
Pieti;68
Janne-Petteri;68
Eliot;68
Tito;67
Tor-Erik;67
Stephen;67
Tomi-Pekka;67
Bilal;67
Veli-Jukka;67
Nikolaos;67
Miikkael;67
Quoc;67
Maximus;67
Elian;67
Juhapekka;67
Oliwer;66
Jony;66
Stephan;66
Kenth;66
Carl-Henrik;66
Jonah;66
Riko;66
Carl-Gustaf;66
Md.;66
Jussi-Matti;66
Mika-Pekka;66
Wilho;65
Ingvar;65
Elof;65
Trygve;65
Jan-Anders;65
Emmanuel;64
Nuuti;64
Ilyas;64
Morgan;64
Diego;64
Ollipekka;64
Huuko;64
Eskil;64
Anto;64
Julle;64
Kaspar;64
Rudi;64
Jukka-Petteri;63
Melker;63
Hjalmar;63
Justin;63
Helmeri;63
Steve;63
Pauno;63
Timur;63
Kunto;63
Malte;62
Arman;62
Vili-Petteri;62
Cay;62
Franz;62
Hamid;62
Pasi-Pekka;62
Serguei;62
Elton;61
Stig-Erik;61
Jona;61
Kian;61
Pablo;61
Junnu;61
Lenne;60
Timo-Jaakko;60
Egil;60
Mohamud;60
Robi;60
Raineri;60
Josua;60
Jamie;60
Lalli;60
Masa;60
Murat;59
Torvald;59
Abel;59
Louis;59
Abdulkadir;59
Velimatti;59
Ariel;59
Ale;59
Youssef;59
Karl-Henrik;59
Paavali;59
Ahmet;59
Moritz;59
Alexandros;59
Sipi;59
Sigurd;59
Janne-Matti;59
Velu;58
Kiril;58
Andrea;58
Jari-Jukka;58
Stig-Olof;58
Konrad;58
Josi;58
Mikko-Petteri;58
Rikard;58
Ville-Oskari;57
Bernhard;57
Lenna;57
Ate;57
Ermo;57
Georgios;57
Willy;57
Seemi;57
Zachary;57
Atle;57
Ruuben;57
Jordan;57
Sasha;57
Lars-Johan;56
Nelson;56
Jura;56
Jerome;56
Mici;56
Salomo;56
Jooseppi;55
Waltter;55
Salomon;55
Arho;55
Valte;55
Lemmy;55
Andy;55
Nicke;55
Jamiel;55
Ristomatti;55
Mohamad;55
Mehdi;55
Artti;55
Marlon;55
Veli-Heikki;55
Duc;55
Arian;54
Kaleva;54
Algot;54
Kaapro;54
Yahya;54
Scott;54
Robertino;54
Isaac;54
Jari-Petteri;54
Anthon;54
Keni;53
Sander;53
Aki-Pekka;53
Mahdi;53
Joar;53
Ludwig;53
Johann;52
Muhamed;52
Alexandr;52
Md;52
Bror-Erik;52
Brandon;52
Riiko;52
Andres;52
Rayan;52
Paolo;51
Toni-Pekka;51
Per-Ole;51
Karel;51
Feetu;51
Anh;51
Ilias;51
Abbas;51
Markko;51
Francisco;51
Kuura;51
Juhan;51
Dominik;51
Nabil;50
Eirik;50
Ramin;50
Lassi-Pekka;50
Jomi;50
Isko;50
Saku-Petteri;50
Lennu;50
Mustapha;50
Danny;50
Ensi;50
Melwin;50
Cedric;50
Mahad;50
Ilya;50
Juha-Antti;50
Fredric;49
Caspian;49
Rachid;49
Carl-Magnus;49
Vesa-Heikki;49
Muisto;49
Ukko-Pekka;49
Musa;49
Arttur;48
Bill;48
Ville-Matias;48
Konstantinos;48
Eeki;48
Feliks;48
Glen;48
Lippo;48
Emanuel;48
Marcos;48
Veli-Mikko;48
Oke;48
Stig-Göran;48
Elvin;48
Aram;48
Evald;48
Veli-Antti;48
Jan-Christian;47
Niko-Pekka;47
Antoni;47
Jaakob;47
Yury;47
Quang;47
Huu;47
Miso;47
Nikolay;46
Alberto;46
Tomy;46
Khaled;46
Tuovi;46
Ngoc;46
Jaron;46
Matvei;46
Vilmer;46
Marcel;46
Paul-Erik;46
Erpo;46
Don;46
Waldemar;46
Fritz;46
Velipekka;45
Vilhelmi;45
Veli-Petteri;45
Ricky;45
Päivö;45
Oma;45
Nisse;45
Hoang;45
Paulo;45
Juuse;45
Yahye;44
Derek;44
Hanno;44
Joni-Matti;44
Jani-Petri;44
Jukkapekka;44
Roine;44
Mikail;44
Sammeli;44
Kay;44
Pietro;44
Ruslan;44
Andrej;44
Lars-Olof;44
Damian;43
Eetu-Petteri;43
Christofer;43
Vasili;43
Niiles;43
Terjo;43
Jan-Ole;43
Ilo;43
Runo;43
Juha-Heikki;43
Jeppe;42
Bo-Göran;42
Jopi;42
Päiviö;42
Seyed;42
Viki;42
Kai-Erik;42
Taro;42
Joeli;42
Jari-Petri;42
Lari-Pekka;42
Lionel;42
Daniele;42
Jemi;42
Ari-Petteri;42
Jore;42
Caspar;42
Eilo;41
Antte;41
Varma;41
Retu;41
Pasi-Petteri;41
Elijah;41
Enzo;41
Marko-Tapio;41
Pellervo;41
Abdifatah;41
Aki-Matti;41
Ömer;40
Malik;40
Petr;40
Winston;40
Sippo;40
Mahmoud;40
Anwar;40
Rinaldo;40
Joosa;40
Jevgeni;40
Troy;40
Dino;40
Karlos;40
Kirmo;40
Larry;39
Darin;39
Toma;39
Jusu;39
Mino;39
Tomi-Petteri;39
Gert;39
Toni-Petteri;39
Ake;39
Ernest;39
Alek;39
Mert;39
Aku-Petteri;39
Janek;39
Stefano;38
Rickhard;38
Damien;38
Untamo;38
Amar;38
Francesco;38
Adil;38
Göte;38
Jan-Eerik;38
Hannu-Matti;38
Romi;38
Osvald;38
Seth;38
Yassin;38
Tatu-Pekka;38
Georgij;38
Aidan;38
Seeti;38
Veka;38
Lauri-Pekka;38
Rio;38
Ville-Mikko;37
Matheo;37
Ebbe;37
Nici;37
Veli-Markku;37
Kamal;37
Georgi;37
Remo;37
Teddy;37
Jasin;37
Leonel;37
Eetu-Pekka;37
Jalmar;37
Carl-Eric;37
Liban;37
Setti;37
Chi;37
Reidar;37
Xuan;36
Antony;36
Adel;36
Salah;36
Sayed;36
Arttu-Pekka;36
Mikko-Ville;36
Mikko-Matti;36
Alho;36
Jerkko;36
Hong;36
Juha-Mikko;36
Florian;36
Östen;36
Juno;36
Ervo;36
Aapi;36
Dimitrios;36
Philippe;36
The;36
Haidar;36
Donald;36
Amadeus;36
Tico;36
Henning;35
Ioannis;35
Aalto;35
Daavid;35
Dan-Erik;35
Mostafa;35
Samu-Petteri;35
Aku-Pekka;35
Odin;35
Miitri;35
Jörn;35
Aari;35
Koitto;35
Faisal;35
Miron;35
Simopekka;35
Hans-Peter;35
Iisko;35
Jaso;35
Mikko-Matias;35
Francis;35
Frey;35
John-Erik;34
Jouna;34
Olli-Heikki;34
Omer;34
Volter;34
Veerti;34
Onni-Pekka;34
Nasir;34
Adolf;34
Evgeni;34
Havu;34
Ari-Juhani;34
Imran;34
Joosu;34
Owen;34
Marwan;34
Antti-Matti;34
Bruuno;34
Freddy;34
Hakan;34
Aziz;34
Nilla;33
Ronni;33
Samy;33
Azad;33
Mirka;33
Gary;33
Misca;33
Thure;33
Jere-Petteri;33
Nicolai;33
Uki;33
Ailo;33
Hüseyin;33
Darius;33
Matti-Juhani;33
Jorge;33
Janus;33
Sointu;33
Maurits;33
Jyri-Petteri;33
Dave;33
Otto-Pekka;33
Arif;33
Jedi;33
Leander;33
Nikola;33
Timofei;32
Raikko;32
Walid;32
Juho-Ville;32
Ville-Juhani;32
Egon;32
Ingemar;32
Jayden;32
Jaki;32
Joas;32
Brahim;32
El;32
Arjo;32
Pyry-Petteri;32
Veli-Juhani;32
Lars-Göran;32
Antti-Oskari;32
Sulho;32
Taha;32
Hakim;32
Christos;32
Haris;32
Zakariya;32
Sylvester;32
Birk;32
Hussain;32
Jouni-Pekka;32
Arda;32
Lars-Eric;32
Grigori;32
Juho-Heikki;32
Sakariye;32
Hendrik;32
Tarik;32
Tord;32
Younes;31
Can;31
Juha-Ville;31
Efe;31
Samu-Pekka;31
Ramses;31
Raphael;31
Olli-Jussi;31
Jürgen;31
Ivo;31
Adiel;31
Aare;31
Artjom;31
Helke;31
Nathaniel;31
Juho-Matias;31
Erol;31
Bob;31
Mitri;31
Sigvard;31
Tor-Björn;31
Emin;31
Niels;31
Kari-Tapio;31
Jymy;31
Claudio;31
Danial;31
Cameron;31
Aaretti;30
Reini;30
Egor;30
Oki;30
Omid;30
Jaime;30
Abdulahi;30
Arni;30
Dario;30
Lars-Henrik;30
Theodore;30
Sonny;30
Philipp;30
Ayub;30
Edi;30
Maxwell;30
Miklos;30
Hashim;30
Armin;30
Vennu;30
Abdel;30
Farid;30
Pierre;30
Juuso-Petteri;30
Christoph;30
Rino;30
Jeffrey;30
Vili-Veikko;30
Aaku;30
Kivi;30
Kemal;30
Alejandro;30
Kyle;30
Kari-Juhani;30
Kaappo;30
Tien;30
Cong;30
Nikolaj;30
Aslan;30
Janiel;30
Heikki-Pekka;29
Kalle-Petteri;29
Larri;29
Sante;29
Aripekka;29
Venne;29
Saad;29
Antti-Veikko;29
Ylermi;29
Keith;29
Filipp;29
Hadi;29
Misha;29
Syed;29
Dean;29
Juha-Markus;29
Valentino;29
Kristjan;29
Ville-Eemeli;29
Pekka-Juhani;29
Jussipekka;29
Johny;29
Ville-Veikka;29
Jay;29
Reza;29
Stepan;29
Guido;29
Vesa-Petteri;29
Metin;29
Gerhard;29
Eli;29
Jüri;29
Salim;29
Anssi-Pekka;29
Willem;29
Diar;29
Saku-Pekka;28
Lauri-Matti;28
Wertti;28
Khalil;28
Jeeli;28
Jari-Juhani;28
Pate;28
Pyry-Pekka;28
Ayman;28
Mortti;28
Love;28
Lamin;28
Tarek;28
Henri-Pekka;28
Joosef;28
Lawrence;28
Tani;28
Billy;28
Gilbert;28
Jaakko-Pekka;28
Mooses;28
Janos;28
Vesa-Jukka;28
Danil;28
Tuan;28
Aadam;28
Hector;28
Sami-Petri;28
Björn-Erik;27
Jori-Pekka;27
Ismael;27
Veeti-Valtteri;27
Hartti;27
Jaroslav;27
Conrad;27
Kenan;27
Mergim;27
Noam;27
Ora;27
Ilia;27
Halti;27
Aston;27
Ville-Antti;27
Abdiaziz;27
Dage;27
Peeter;27
Kris;27
Feeli;27
Kai-Markus;27
Fernando;27
Kalle-Matti;27
Jarre;26
Ukri;26
Pasi-Matti;26
Joni-Markus;26
Ville-Samuli;26
Habib;26
Allu;26
Kasmir;26
Feija;26
Bastian;26
Ville-Heikki;26
Baran;26
Cosmo;26
Hardy;26
Tryggve;26
Peitsa;26
Javier;26
Kurt-Erik;26
Abdirisak;26
Veli-Markus;26
Angelo;26
Saman;26
Ervin;26
Lasse-Pekka;26
Lahja;26
Siilas;26
Frederick;26
Aro;26
Jimmie;26
Vilgot;26
Ayuub;26
Nuno;26
Tanu;26
Yonis;26
Fuad;26
Trong;26
Carolus;26
Mauro;26
Manfred;26
Joonas-Petteri;26
Ville-Joonas;26
Juha-Veikko;26
Sani;26
Ernesti;26
Dion;26
Antoine;26
Kai-Kristian;26
Stanley;26
Lorenzo;26
Eero-Matti;26
Mateo;26
Kaj-Olof;26
Tom-Erik;26
Gregory;26
Asa;25
Niko-Matti;25
Enes;25
Ammar;25
Josia;25
Michele;25
Silas;25
Yannick;25
Sami-Matti;25
Reh;25
Rick;25
Jyri-Matti;25
Nikko;25
Alessio;25
Yunus;25
Leopold;25
Tan;25
Harun;25
Kai-Mikael;25
Per-Henrik;25
Kassu;25
Akram;25
Peder;25
Rane;25
Tyler;25
Olli-Veikko;25
Jules;25
Jamil;25
Jani-Markus;25
Fatih;25
Erkan;25
Lev;25
Gennadi;25
Vito;25
Leimu;25
Henno;25
Iouri;25
Tero-Matti;25
Connor;25
Riku-Ville;24
Berat;24
Antti-Petteri;24
Evgueni;24
Jurkka;24
Juha-Tapio;24
Ville-Waltteri;24
Idris;24
German;24
Federico;24
Veli-Petri;24
Gideon;24
Jarto;24
Juho-Jaakko;24
Anselm;24
Théo;24
Enver;24
Jukka-Tapio;24
Gustavo;24
Stefanos;24
Gleb;24
Misael;24
Simeoni;24
Sinan;24
Arash;24
Halil;24
Milad;24
Jere-Pekka;24
Vili-Pekka;24
Adem;24
Mirco;24
Aabel;24
Kim-Erik;24
Enrico;24
Sébastien;24
Maxime;23
Nikodemus;23
Vilko;23
Sasa;23
Jerko;23
Yousef;23
Abdulrahman;23
Kirka;23
Hanad;23
Vesa-Petri;23
Jiko;23
Aatami;23
Nima;23
Olivier;23
Lee;23
Andi;23
Karl-Olof;23
Lorenz;23
Jommi;23
Osma;23
Yki;23
Abdallah;23
Tomasz;23
Walle;23
Eetu-Oskari;23
Timo-Juhani;23
Jeremiah;23
Ismet;23
Marvin;23
Remy;23
Mica;23
Olli-Juhani;23
Janne-Juhani;23
Abdirashid;23
Driss;23
Dmitrij;23
Devin;23
Kaiho;23
Erland;23
Remus;23
Ari-Jussi;23
Felipe;23
Calvin;23
Abdirizak;23
Karolus;23
Aydin;23
Musab;23
Aiden;23
Sakri;23
Andréas;23
Ari-Heikki;23
Are;23
Heinz;23
Veli-Ville;23
Ari-Petri;23
Sumu;23
Lenni-Kalle;22
Naser;22
Alain;22
Jethro;22
Alban;22
Antti-Heikki;22
Rani;22
Duy;22
Wictor;22
Xavier;22
Onni-Oskari;22
Viatcheslav;22
Eduardo;22
Le;22
Nilo;22
Enis;22
Bashir;22
Thien;22
Jurij;22
Vu;22
Jarl-Erik;22
Eliah;22
Bengt-Erik;22
Ahvo;22
Solmu;22
Ossi-Pekka;22
Jared;22
Markos;22
Jan-Ove;22
Orhan;22
Tarkko;22
Artto;22
Farhan;22
Yann;22
Mustafe;22
Nalle;22
Carl-Axel;22
Miilo;22
Terry;22
Kaiku;22
Antti-Eemeli;22
Mainio;22
Jacques;22
Abraham;22
Karl-Oskar;22
Cai;21
Joni-Petri;21
Ernesto;21
Jami-Petteri;21
Milos;21
Terje;21
Carl-Christian;21
Imad;21
Mohsen;21
Abdinasir;21
Guled;21
Jan-Krister;21
Sami-Jussi;21
Urban;21
Rodi;21
Janrik;21
Micah;21
András;21
Hamsa;21
Sami-Ville;21
Poju;21
Vinh;21
Douglas;21
Fabio;21
Gunder;21
Nichlas;21
Salman;21
Fouad;21
Nader;21
Kerim;21
Miika-Matias;21
Tiko;21
Carl-Oscar;21
Abukar;21
Attila;21
Pirkka-Pekka;21
Timo-Matti;21
Goran;21
Jama;21
Björn-Olof;21
Abdirahim;21
Vjatseslav;21
Kamil;21
Tariq;21
Suleiman;21
Aleksandar;21
Ara;21
Mick;21
Hendry;21
Josa;21
Aiman;21
Shawn;21
Vitaly;21
Pehr-Erik;21
Brage;21
Matti-Petteri;21
Frans-Emil;21
Aku-Matti;21
Kalle-Antti;21
Fatmir;21
Per-Johan;21
Faruk;21
Solomon;20
Sacha;20
Jan-Christer;20
Luqman;20
Sebastien;20
Kalle-Oskari;20
Nils-Johan;20
Eeropekka;20
Mattis;20
Nikki;20
Rein;20
Petrik;20
Miles;20
Valery;20
Sami-Jukka;20
Nur;20
Davide;20
Bryan;20
Caleb;20
Abdelaziz;20
Henric;20
Hannu-Heikki;20
Olli-Mikko;20
Viet;20
Dahir;20
Jiska;20
Hermann;20
Fedor;20
Ailu;20
Petros;20
Karl-Gustaf;20
Asad;20
Hemming;20
Ilkka-Kristian;20
Eepi;20
Julien;20
Margus;20
Abdulla;20
Antreas;20
Per-Åke;20
Iippo;20
Nikolaus;20
Ollimatti;20
Imre;20
Lars-Åke;20
Ramon;20
Onur;20
Sem;20
Gaius;20
Giuseppe;20
Rashid;20
Sandro;20
Aden;20
Jan-Michael;20
Agim;20
Egzon;20
Espen;20
Matti-Jussi;20
Frederik;20
Anttijussi;20
Elliott;20
Veli-Martti;20
Juhopekka;20
Shahin;20
Giovanni;20
Cedrik;20
Nils-Olof;20
Robbie;20
Tomás;20
Eddy;20
Nando;20
Tommie;20
Eren;20
Gia;20
Vesa-Ville;20
Zakariye;20
Ba;20
Bekim;20
Thommy;20
Gerald;20
Nolan;20
Reni;20
Yoonis;20
Miroslav;20
Jun;20
Villiam;20
Noureddine;20
Abdurrahman;20
Adi;20
Carl-Olof;20
Husein;20
Jegor;19
Kari-Jukka;19
Jukka-Petri;19
Michail;19
Nicolás;19
Timitri;19
Serhat;19
Micky;19
Jockum;19
Sverre;19
Roobert;19
Lari-Matti;19
Leo-Pekka;19
Kilian;19
Sandor;19
Juho-Oskari;19
Liiban;19
Abdimalik;19
Jere-Matti;19
Raikas;19
Niro;19
Saeed;19
Mikko-Juhani;19
Heimer;19
Wincent;19
Aldo;19
Yousif;19
Reda;19
Norman;19
Saarni;19
Yasir;19
Kai-Pekka;19
Léo;19
Heikki-Juhani;19
Jesse-Petteri;19
Afrim;19
Antti-Jaakko;19
Valfrid;19
Wolfgang;19
Ardian;19
Carl-Mikael;19
Panu-Petteri;19
Abdurahman;19
Mahir;19
Ringo;19
Penna;19
Viacheslav;19
Walther;19
Eeri;19
Irfan;19
Weikka;19
Tomek;19
Artin;19
Feeliks;19
Rudy;19
Ari-Mikko;19
Feodor;18
Ferhat;18
Atri;18
Antonios;18
Leni;18
Farhad;18
Khadar;18
Abderrahmane;18
Rahim;18
Jeff;18
Olli-Ville;18
Olaf;18
Jonnie;18
Nasim;18
Dany;18
Ramazan;18
Upi;18
Jeemi;18
Juko;18
Per-Håkan;18
Albion;18
Marko-Tapani;18
Esapekka;18
Kåre;18
Mete;18
Esa-Petteri;18
Juuso-Pekka;18
Ati;18
Mubarak;18
Freddie;18
Jaakko-Juhani;18
Mahamud;18
Jalle;18
Ridwan;18
Timoteus;18
Ilkka-Pekka;18
Heppu;18
Bruce;18
Juha-Jaakko;18
Kari-Jussi;18
Vesamatti;18
Kuuno;18
Natanael;18
Ferdinand;18
Milian;18
Maximillian;18
Riccardo;18
Crister;18
Joona-Petteri;18
Piotr;18
Aape;18
Teemu-Pekka;18
Kai-Petteri;18
Bogdan;18
Ezra;18
Massimo;18
Kadir;18
Nils-Göran;18
Fadi;18
Tommi-Petteri;18
Per-Eric;18
Hamse;18
Rodrigo;18
Hessu;18
Veli-Veikko;18
Mikkel;17
Karrar;17
Jan-Åke;17
Marno;17
Kari-Petteri;17
Renni;17
Juho-Mikko;17
Marios;17
Alper;17
Jere-Matias;17
Jari-Heikki;17
Mies;17
Arvin;17
Majid;17
Ville-Hermanni;17
Alf-Erik;17
Tauri;17
Markku-Juhani;17
Besnik;17
Danila;17
Hans-Olof;17
Arben;17
Liibaan;17
Wei;17
Atilla;17
Wilhelmi;17
Trung;17
Benyamin;17
Kouta;17
Viliam;17
Kalle-Ville;17
Rami-Pekka;17
Zakari;17
Per-Anders;17
Reimo;17
Lino;17
Thorolf;17
Volmar;17
Hicham;17
Santiago;17
Abu;17
Vili-Veikka;17
Alwin;17
Soni;17
Touho;17
Ramzi;17
Antti-Mikael;17
Armi;17
Davin;17
Dana;17
Ville-Aleksi;17
Julio;17
Abbe;17
Jesse-Pekka;17
Aadolf;17
Heinrich;17
Ville-Kalle;17
Damir;17
Kristopher;17
Abdellah;17
Toni-Markus;17
Iivar;17
Iska;17
Franco;17
Georges;17
Teemu-Petteri;17
Ville-Jussi;17
Efraim;17
Ayoub;17
Ansu;17
Virmo;16
Abdelkader;16
Bayram;16
Miran;16
Wolf;16
Vellu;16
Wiktor;16
Abdiqani;16
Ako;16
Mikko-Oskari;16
Hai;16
Markku-Pekka;16
Alpertti;16
Arkan;16
Enrique;16
Erkki-Mikael;16
Miro-Matias;16
Ruu;16
Uoti;16
Gholam;16
Wiggo;16
Baris;16
Abubakar;16
István;16
Veija;16
Ilhan;16
Alen;16
Babak;16
Aryan;16
Caro;16
Hanne;16
Rebwar;16
Kalle-Juhani;16
Siimon;16
Abdikarim;16
Edin;16
Uuras;16
Veli-Hannu;16
Juho-Tuomas;16
Ari-Veikko;16
Bernard;16
Veli-Pentti;16
Karwan;16
Samu-Ville;16
Bujar;16
Axl;16
Jooas;16
Rodney;16
Burhan;16
Kalle-Eemeli;16
Anttipekka;16
Arhi;16
Leif-Erik;16
Kale;16
Jimmi;16
Jakov;16
Taru;16
Ville-Vesa;16
Ulf-Erik;16
Jarkko-Pekka;16
Pami;16
Amer;16
Zoltán;16
Georgy;16
Nadir;16
Ari-Ville;16
Filippo;16
Juho-Kusti;16
Osama;16
Ingvald;16
Mickey;16
Kaj-Mikael;16
Niko-Petri;16
Kjell-Erik;16
Indrek;16
Ioan;16
Bore;16
Emerik;16
Naim;16
Onni-Eemeli;16
Onni-Kalle;16
Furkan;16
Ropi;16
Tri;16
Arto-Pekka;16
Darren;16
Ilmar;16
Dominick;15
Ayhan;15
Didrik;15
Volmari;15
Harold;15
Veli-Valtteri;15
Alexandro;15
Ronan;15
Mart;15
Velmeri;15
Ekke;15
Jan-Magnus;15
Kasim;15
Sergio;15
Rinor;15
Onni-Matti;15
Ville-Pertti;15
Villematti;15
Matt;15
Wilson;15
Evangelos;15
Safet;15
Timo-Petteri;15
Brendan;15
Fadil;15
Arseni;15
Farah;15
Manh;15
Wai;15
Timo-Jukka;15
Nathanael;15
Stuart;15
Timo-Tapio;15
Immanuel;15
Thore;15
Jan-Patrik;15
Rocco;15
Cevin;15
Armend;15
Kawa;15
Jackson;15
Yuusuf;15
Atlas;15
Cary;15
Toni-Matti;15
Sunny;15
Geir;15
Sami-Antti;15
Jari-Antti;15
Juho-Kalle;15
Toni-Petri;15
Akira;15
Besim;15
Faysal;15
Heikki-Matti;15
Austin;15
Elon;15
Serdar;15
Erkka-Pekka;15
Paul-Henrik;15
Lion;15
Mika-Juhani;15
Klas-Erik;15
Valon;15
Trevor;15
Léon;15
Jaanus;15
Wiljo;15
Jafar;15
Timka;15
Jesse-Joonas;15
Malcolm;15
Tatu-Matti;15
Neil;15
Moses;15
Stavros;15
Nuka;15
Aleksej;15
Cemal;15
Ka;15
Thorvald;15
Abdirahmaan;15
Aku-Ville;15
Emile;14
Thai;14
Mateus;14
Per-Göran;14
Yan;14
Aki-Petri;14
Kie;14
Riad;14
Rodion;14
Demir;14
Antonis;14
Otto-Oskari;14
Simi;14
Aldin;14
Serge;14
Firat;14
Amjad;14
Bernd;14
Nikos;14
Jari-Markus;14
Saku-Matti;14
Edmond;14
Amine;14
Félix;14
Cem;14
Matti-Mikael;14
Jörg;14
Alaa;14
Saif;14
Serkan;14
Prince;14
Nipa;14
Jaripekka;14
Onni-Matias;14
Soran;14
Tomer;14
Danilo;14
Umut;14
Zakarias;14
Toby;14
Silver;14
Samuele;14
Morten;14
Adriano;14
Cengiz;14
Dima;14
Marko-Juhani;14
Akke;14
Castor;14
Tommaso;14
Pär-Erik;14
Arun;14
Erfan;14
Alireza;14
Loke;14
Karl-Magnus;14
Nico-Petteri;14
Pehr-Olof;14
Sirwan;14
Ingolf;14
Dilan;14
Constantin;14
Tiago;14
Arton;14
Ata;14
Ossi-Petteri;14
Randy;14
Heljo;14
Toni-Mikael;14
Jalal;14
Vasilij;14
Andrés;14
Abderrahim;14
Jani-Mikael;14
Ross;14
Sabah;14
Hemi;14
Emrah;14
Panu-Pekka;14
Hubert;14
László;14
Saleh;14
Savva;14
Villeveikko;14
Sigfrid;14
Bengt-Olof;14
Horst;14
Fedja;14
Kai-Eerik;14
Iipo;14
Leonidas;14
Sakaria;14
Miiku;14
Joao;14
Matts-Erik;14
Juha-Veli;14
Saki;14
Outi;14
Karol;14
Maxi;14
Mischa;14
Miika-Markus;14
Antti-Jukka;14
Tane;14
Vesa-Veikko;14
Avni;14
Hossein;14
Samson;14
Jocke;14
Hakon;14
Fredrick;14
Jannis;14
Diyar;14
Mourad;13
Ghulam;13
Timo-Jussi;13
Fride;13
Helmut;13
Kerem;13
Toive;13
Joni-Mikael;13
João;13
Michal;13
Rahman;13
Veli-Tapio;13
Vanja;13
Alexandru;13
Ulrik;13
Emad;13
Nils-Eric;13
Youcef;13
Alvaro;13
Timjami;13
Ransu;13
Almir;13
Shane;13
Kiri;13
Muhsin;13
Mishka;13
Rocky;13
Aki-Jussi;13
Dan-Anders;13
Ville-Tapio;13
Rahul;13
Erich;13
Mihkel;13
Uwe;13
Mirza;13
Andrzej;13
Mano;13
Vili-Verneri;13
Yosef;13
Harrison;13
Sascha;13
Aran;13
Kelpo;13
Erkki-Pekka;13
Esu;13
Joannis;13
Kieran;13
Pawel;13
Jan-Sebastian;13
Ewan;13
Nasser;13
Otto-Emil;13
Viima;13
Clas-Göran;13
Eino-Juhani;13
Penjami;13
Rieti;13
Basil;13
Muhamad;13
Tommo;13
Dinh;13
Immu;13
Simo-Petteri;13
Artan;13
Dexter;13
Rex;13
Jukka-Tapani;13
Roomeo;13
Craig;13
Momodou;13
Pette;13
Tero-Petteri;13
Cody;13
Erick;13
Hansi;13
Peeti;13
Vesa-Tapio;13
Hisham;13
Jahn;13
Ramadan;13
Geoffrey;13
Veli-Tapani;13
Veli-Jaakko;13
Kamran;13
Maks;13
Kai-Juhani;13
Timo-Tapani;13
Yacine;13
Erkki-Jussi;13
Tao;13
Joan;13
Shaun;13
Pelle;13
Sherif;13
Grels;13
Isa;13
Ville-Tuomas;13
Anatoly;13
Hari;13
Haider;13
Karl-Anton;13
Yaroslav;13
Bülent;13
Besart;13
Jonte;13
Esa-Jussi;13
Grigory;13
Mentor;13
Mika-Markus;13
Asto;13
Phi;13
Salar;13
Oska;13
Abdullaahi;13
Rafik;13
Carl-Fredrik;13
Ville-Sakari;13
Mats-Erik;13
Hans-Göran;13
Todd;13
Topi-Matti;13
Salmaan;13
Amit;13
Pohto;13
Sigge;13
Cian;13
Jari-Jussi;13
Wilton;13
Styrbjörn;13
Tahir;13
Rai;13
Carl-Göran;13
Klas-Göran;13
Voima;13
Vasily;13
Seelim;13
Christophe;13
Mattia;13
Antti-Mikko;13
Fidel;13
Iiro-Pekka;13
Terence;13
Antti-Einari;12
Marko-Pekka;12
Olli-Antti;12
Faton;12
Volkan;12
Joni-Juhani;12
Juha-Pertti;12
Harras;12
Villepekka;12
Visa-Pekka;12
Henkka;12
Eetu-Matti;12
Artemi;12
Aso;12
Kalle-Veikko;12
Lewis;12
Ugur;12
Andriy;12
Behzad;12
Casmir;12
Hamed;12
Joonathan;12
Veli-Kalle;12
Najib;12
Petu;12
Toni-Kristian;12
Gottfrid;12
Juha-Markku;12
Reine;12
Semih;12
Murad;12
Rida;12
Anatolij;12
Mustaf;12
Kushtrim;12
Amon;12
Josse;12
Eetu-Ville;12
Kelvin;12
Janne-Markus;12
Lassi-Matti;12
Mickael;12
Yuri;12
Thord;12
Josiah;12
Karipekka;12
Blake;12
Munir;12
Angel;12
Benja;12
Vilpas;12
Erling;12
Haakon;12
Mir;12
Raphaël;12
Weikko;12
Arlind;12
Jon-Erik;12
Raed;12
Seif;12
Sirius;12
Salem;12
Elwin;12
Gabriele;12
Aapro;12
Kristen;12
Jusef;12
Esra;12
Jari-Mikko;12
Jauri;12
Morad;12
Arn;12
Cao;12
Lorentz;12
Sabir;12
Asse;12
Carsten;12
Make;12
Matti-Esko;12
Erdal;12
Travis;12
Alfonso;12
Veli-Erkki;12
Latif;12
Hektor;12
Kosma;12
Bajram;12
Vänni;12
Adan;12
Art;12
Elijas;12
Sverker;12
Aleksandros;12
Raman;12
Zeb;12
Cole;12
Marko-Mikael;12
Pedram;12
Esaias;12
Sten-Olof;12
Fahad;12
Inge;12
Kaj-Henrik;12
Jari-Tapio;12
Kalle-Valtteri;12
Repe;12
Piko;12
Wihtori;12
Heikki-Tapio;12
Joël;12
Jussi-Heikki;12
Jousia;12
Péter;12
Doni;12
Tiera;12
Alari;12
Burak;12
Mirsad;12
Elmar;12
Kami;12
Miihkali;12
Kajus;12
Mason;12
Rikumatti;12
Esa-Petri;12
Mihhail;12
Sorjo;12
Juho-Eemil;12
Toni-Tapio;12
Ensar;12
Cajus;12
Etvi;12
Firas;12
Lyly;12
Pjotr;12
Ebrima;12
Eino-Pekka;12
Malek;12
Roki;12
Turjo;12
Granit;12
Muharrem;12
Oktay;12
Phuoc;12
Arbnor;12
Jussi-Mikko;12
Kim-Johan;12
Tonny;12
Henri-Mikael;12
Joona-Pekka;12
Alve;12
Lars-Ole;12
Marian;12
Eddi;12
Ram;12
Reinhold;12
Olli-Oskari;12
Akim;12
Lars-Peter;12
Senad;12
Nicola;12
Veino;12
Semmi;11
Sharmarke;11
Tam;11
Eemel;11
Gordon;11
Sid;11
Vexi;11
Zion;11
Bekir;11
Ville-Tapani;11
Erwin;11
Fitim;11
Jaarli;11
Axu;11
Tamás;11
Kaan;11
Yakup;11
Eugene;11
Leart;11
Umar;11
Marko-Petteri;11
Mauricio;11
Musse;11
Kaj-Gustav;11
Set;11
Karam;11
Antti-Tapio;11
Rohan;11
Jori-Matti;11
Camilo;11
Sami-Kristian;11
Ville-Veli;11
Arsen;11
Vesa-Mikko;11
Arin;11
Jeton;11
Sony;11
Suune;11
Eetvi;11
Ashraf;11
Huy;11
Sharif;11
Antti-Ilari;11
Semir;11
Zana;11
Olov;11
Thorbjörn;11
Demian;11
Lare;11
Oscari;11
Gennady;11
Jann;11
Miro-Petteri;11
Enok;11
Onni-Elmeri;11
Ensti;11
Ila;11
Karri-Pekka;11
Logan;11
Rae;11
Tanel;11
Ewert;11
Meelis;11
Luan;11
Yassine;11
Abdiasis;11
Davy;11
Zakarie;11
Hemminki;11
Abshir;11
Barry;11
Jakub;11
Amadou;11
Andrus;11
Juusa;11
Timo-Heikki;11
Jari-Veikko;11
Erko;11
Jino;11
Jussi-Joonas;11
Kaijus;11
Akilles;11
Cecil;11
Jouni-Matti;11
Mikel;11
Mika-Tapio;11
Anis;11
Ele;11
Natan;11
Mihku;11
Nhat;11
Arber;11
Jibril;11
Sándor;11
Hilpi;11
Raivo;11
Tyson;11
Tommi-Pekka;11
Antti-Matias;11
Rain;11
Edon;11
Gazmend;11
Guillermo;11
Aris;11
Auku;11
Matti-Veikko;11
Süleyman;11
Xander;11
Yasser;11
Roope-Oskari;11
Jyri-Petri;11
Alfredo;11
Reittu;11
Juhomatti;11
Ilir;11
Eeno;11
Mika-Erik;11
Gani;11
Joni-Kristian;11
Junno;11
Kareem;11
Ari-Juha;11
Astor;11
Yonatan;11
Jarkko-Juhani;11
Iman;11
Nihat;11
Abd;11
Hamzah;11
Jan-Roger;11
Reuben;11
Akif;11
Fikret;11
Venneri;11
Arte;11
Janis;11
Karl-Anders;11
Mitjo;11
Steffen;11
Arri;11
Taher;11
Bedri;11
Ousman;11
Jermo;11
Taave;11
Khac;11
Tran;11
Vahid;11
Adrien;11
Ekrem;11
Abdihakim;11
Jarek;11
Hille;11
Vesa-Antti;11
Abdishakur;11
Hamze;11
Juho-Erik;11
Raafael;11
Visa-Matti;11
Jaakko-Matti;11
Johan-Erik;11
Juha-Erkki;11
Mubashir;11
Teri;11
Tero-Tapio;11
Edmund;11
Raimond;11
Jasir;11
Kajo;11
Matvey;11
Noor;11
Kim-Henrik;11
Pavlos;11
Nuur;11
Ville-Mikael;11
Jonttu;11
Jesse-Juhani;11
Armando;11
Raiko;11
Taoufik;11
Csaba;11
Kai-Petri;11
Lotfi;11
Abdoulie;10
Collin;10
Derrick;10
Ozan;10
Wojciech;10
Jayson;10
Tomi-Matti;10
Yu;10
Antti-Olli;10
Jani-Jukka;10
Lorik;10
Jude;10
Jaromir;10
Jussi-Tuomas;10
Jussi-Ville;10
Maurice;10
Dimitris;10
Ion;10
Nabeel;10
Vesa-Valtteri;10
Yaxye;10
Yousuf;10
Béla;10
Ilan;10
Jico;10
Jallu;10
Zaki;10
Josu;10
Eijo;10
Jannik;10
Juho-Aleksi;10
Paju;10
Kamu;10
Stig-Ole;10
Joopi;10
Kwok;10
Salvatore;10
Sayd;10
Yaqub;10
Jimy;10
Okan;10
Umberto;10
Ghassan;10
Jehki;10
Joah;10
Marcello;10
Rui;10
Vedat;10
Hung;10
Fahim;10
Kaj-Johan;10
Shahid;10
Blerim;10
Mertzi;10
Adnaan;10
Nizar;10
Rebin;10
Wen;10
Sipri;10
Jani-Kristian;10
Hiwa;10
Miikka-Matias;10
Samueli;10
Maximiliam;10
Yavuz;10
Erkki-Juhani;10
Jerzy;10
Santtu-Pekka;10
Sergej;10
Aapo-Matti;10
Margo;10
Karl-Gunnar;10
Olli-Tapio;10
Sinuhe;10
Anthonio;10
Jan-Martin;10
Mahmud;10
Semen;10
Örjan;10
Carl-Anders;10
Yahia;10
Huima;10
Teljo;10
Tempo;10
Enso;10
Atte-Oskari;10
Daud;10
Bashkim;10
Roopert;10
Lars-Ove;10
Lulzim;10
Jari-Juha;10
Juha-Mikael;10
Miika-Matti;10
Ollie;10
Petri-Juhani;10
Hans-Christian;10
Masoud;10
Mesut;10
Jyrki-Pekka;10
Daan;10
Dirk;10
Jan-Gustav;10
Jan-Håkan;10
Joona-Matias;10
Arttu-Oskari;10
Jochen;10
Jori-Petteri;10
Leandro;10
Sere;10
Veli-Tuomas;10
Mahmut;10
Jean-Paul;10
Kert;10
Hany;10
Claude;10
Hans-Henrik;10
Sabri;10
Dimi;10
Kaimo;10
Salih;10
Zaid;10
Vinha;10
Akam;10
Muscab;10
Damon;10
Lex;10
Mahmood;10
Ykä;10
Gerard;10
Guennadi;10
Anse;10
Svantte;10
Aivar;10
Esamatti;10
Amiin;10
Joackim;10
Krisse;10
Mukhtar;10
Kristof;10
Sven-Eric;10
Benedict;10
Siim;10
Yilmaz;10
Arion;10
Jesse-Matias;10
Kastriot;10
Mika-Antti;10
Kari-Veikko;10
Juha-Tuomas;10
Thorsten;10
Velmu;10
Seyyed;10
Vyacheslav;10
Rasim;10
Bilaal;10
Jasmo;10
Ville-Martti;10
Eyal;10
Nic;10
Niko-Ville;10
Valdo;10
Aadi;10
Abdisalam;10
Henri-Matias;10
Usama;10
Reo;10
Berk;10
Mikko-Jussi;10
Jonne-Pekka;10
Kari-Antti;10
Ari-Tapio;10
Ebrahim;10
Harro;10
Patu;10
Simo-Heikki;10
Hayden;10
Lari-Petteri;10
Kim-Peter;10
Wesley;10
Boy;10
Iko;10
Veli-Seppo;10
Niko-Markus;10
Jarimatti;10
Khaalid;10
Emiliano;10
Kalle-Markus;10
Matte;10
Hamdi;10
Farzad;10
Janko;10
Samer;10
Topi-Pekka;10
Eero-Veikko;10
Israel;10
Matti-Oskari;10
Yrjänä;10
Saeid;10
Deni;10
Ehsan;10
Vallu;10
Väiski;10
